size,N,density,shape,format,dtype,ms,dense_ms,speedup,bytes,status,error
1024,1,1.0,unstructured,dense,fp32,0.04416000097990036,0.04416000097990036,1.0,4194304,ok,
1024,1,1.0,unstructured,csr,fp32,0.07884799689054489,0.04416000097990036,0.560064969579409,12591100,ok,
1024,16,1.0,unstructured,dense,fp32,0.04915200173854828,0.04915200173854828,1.0,4194304,ok,
1024,16,1.0,unstructured,csr,fp32,0.3389439880847931,0.04915200173854828,0.14501511596733793,12591100,ok,
1024,128,1.0,unstructured,dense,fp32,0.09113600105047226,0.09113600105047226,1.0,4194304,ok,
1024,128,1.0,unstructured,csr,fp32,0.44232000410556793,0.09113600105047226,0.20604087584680197,12591100,ok,
1024,1024,1.0,unstructured,dense,fp32,0.27078400552272797,0.27078400552272797,1.0,4194304,ok,
1024,1024,1.0,unstructured,csr,fp32,2.9209600687026978,0.27078400552272797,0.09270376833429043,12591100,ok,
1024,1,1.0,unstructured,dense,fp16,0.0461760014295578,0.0461760014295578,1.0,2097152,ok,
1024,1,1.0,unstructured,csr,fp16,0.07475200295448303,0.0461760014295578,0.6177225974489896,10493950,ok,
1024,16,1.0,unstructured,dense,fp16,0.05633600056171417,0.05633600056171417,1.0,2097152,ok,
1024,16,1.0,unstructured,csr,fp16,0.27588801085948944,0.05633600056171417,0.20419879931066037,10493950,ok,
1024,128,1.0,unstructured,dense,fp16,0.04608000069856644,0.04608000069856644,1.0,2097152,ok,
1024,128,1.0,unstructured,csr,fp16,0.3164159953594208,0.04608000069856644,0.14563107230474745,10493950,ok,
1024,1024,1.0,unstructured,dense,fp16,0.10239999741315842,0.10239999741315842,1.0,2097152,ok,
1024,1024,1.0,unstructured,csr,fp16,2.279423952102661,0.10239999741315842,0.04492362963840019,10493950,ok,
1024,1,0.5,unstructured,dense,fp32,0.04403200000524521,0.04403200000524521,1.0,4194304,ok,
1024,1,0.5,unstructured,csr,fp32,0.09012800082564354,0.04403200000524521,0.48854961390330837,6314476,ok,
1024,16,0.5,unstructured,dense,fp32,0.048128001391887665,0.048128001391887665,1.0,4194304,ok,
1024,16,0.5,unstructured,csr,fp32,0.16383999586105347,0.048128001391887665,0.2937500159161577,6314476,ok,
1024,128,0.5,unstructured,dense,fp32,0.08396799862384796,0.08396799862384796,1.0,4194304,ok,
1024,128,0.5,unstructured,csr,fp32,0.22012799978256226,0.08396799862384796,0.3814507863915075,6314476,ok,
1024,1024,0.5,unstructured,dense,fp32,0.22732800245285034,0.22732800245285034,1.0,4194304,ok,
1024,1024,0.5,unstructured,csr,fp32,1.6655360460281372,0.22732800245285034,0.13648939210590336,6314476,ok,
1024,1,0.5,unstructured,dense,fp16,0.045152001082897186,0.045152001082897186,1.0,2097152,ok,
1024,1,0.5,unstructured,csr,fp16,0.0936960019171238,0.045152001082897186,0.4818989088012009,5263430,ok,
1024,1,0.5,unstructured,semi24,fp16,,0.045152001082897186,,,unsupported,RuntimeError: sparse_semi_structured_mad_op : CUTLASS not supported
1024,16,0.5,unstructured,dense,fp16,0.05724800005555153,0.05724800005555153,1.0,2097152,ok,
1024,16,0.5,unstructured,csr,fp16,0.16281600296497345,0.05724800005555153,0.3516116291582669,5263430,ok,
1024,16,0.5,unstructured,semi24,fp16,,0.05724800005555153,,,unsupported,RuntimeError: sparse_semi_structured_mad_op : CUTLASS not supported
1024,128,0.5,unstructured,dense,fp16,0.04608000069856644,0.04608000069856644,1.0,2097152,ok,
1024,128,0.5,unstructured,csr,fp16,0.18432000279426575,0.04608000069856644,0.25,5263430,ok,
1024,128,0.5,unstructured,semi24,fp16,,0.04608000069856644,,,unsupported,RuntimeError: sparse_semi_structured_mad_op : CUTLASS not supported
1024,1024,0.5,unstructured,dense,fp16,0.11468800157308578,0.11468800157308578,1.0,2097152,ok,
1024,1024,0.5,unstructured,csr,fp16,1.1806720495224,0.11468800157308578,0.0971378983854821,5263430,ok,
1024,1024,0.5,unstructured,semi24,fp16,,0.11468800157308578,,,unsupported,RuntimeError: sparse_semi_structured_mad_op : CUTLASS not supported
1024,1,0.1,unstructured,dense,fp32,0.04403200000524521,0.04403200000524521,1.0,4194304,ok,
1024,1,0.1,unstructured,csr,fp32,0.0798719972372055,0.04403200000524521,0.5512820704167202,1270300,ok,
1024,16,0.1,unstructured,dense,fp32,0.048128001391887665,0.048128001391887665,1.0,4194304,ok,
1024,16,0.1,unstructured,csr,fp32,0.07260800153017044,0.048128001391887665,0.6628470743942633,1270300,ok,
1024,128,0.1,unstructured,dense,fp32,0.08396799862384796,0.08396799862384796,1.0,4194304,ok,
1024,128,0.1,unstructured,csr,fp32,0.08590399846434593,0.08396799862384796,0.9774632162052213,1270300,ok,
1024,1024,0.1,unstructured,dense,fp32,0.24268800020217896,0.24268800020217896,1.0,4194304,ok,
1024,1024,0.1,unstructured,csr,fp32,0.3696480095386505,0.24268800020217896,0.6565380955387058,1270300,ok,
1024,1,0.1,unstructured,dense,fp16,0.04505600035190582,0.04505600035190582,1.0,2097152,ok,
1024,1,0.1,unstructured,csr,fp16,0.07983999699354172,0.04505600035190582,0.5643286829726512,1059950,ok,
1024,16,0.1,unstructured,dense,fp16,0.056304000318050385,0.056304000318050385,1.0,2097152,ok,
1024,16,0.1,unstructured,csr,fp16,0.09614400193095207,0.056304000318050385,0.585621559194991,1059950,ok,
1024,128,0.1,unstructured,dense,fp16,0.04598399996757507,0.04598399996757507,1.0,2097152,ok,
1024,128,0.1,unstructured,csr,fp16,0.07782399654388428,0.04598399996757507,0.59087173634992,1059950,ok,
1024,1024,0.1,unstructured,dense,fp16,0.10035199671983719,0.10035199671983719,1.0,2097152,ok,
1024,1024,0.1,unstructured,csr,fp16,0.2979840040206909,0.10035199671983719,0.336769743898297,1059950,ok,
1024,1,0.05,unstructured,dense,fp32,0.04608000069856644,0.04608000069856644,1.0,4194304,ok,
1024,1,0.05,unstructured,csr,fp32,0.08191999793052673,0.04608000069856644,0.5625000227373681,634612,ok,
1024,16,0.05,unstructured,dense,fp32,0.07465600222349167,0.07465600222349167,1.0,4194304,ok,
1024,16,0.05,unstructured,csr,fp32,0.07571200281381607,0.07465600222349167,0.9860524018507182,634612,ok,
1024,128,0.05,unstructured,dense,fp32,0.08396799862384796,0.08396799862384796,1.0,4194304,ok,
1024,128,0.05,unstructured,csr,fp32,0.09011200070381165,0.08396799862384796,0.9318181592687266,634612,ok,
1024,1024,0.05,unstructured,dense,fp32,0.2385919988155365,0.2385919988155365,1.0,4194304,ok,
1024,1024,0.05,unstructured,csr,fp32,0.22220799326896667,0.2385919988155365,1.073732746088653,634612,ok,
1024,1,0.05,unstructured,dense,fp16,0.12800000607967377,0.12800000607967377,1.0,2097152,ok,
1024,1,0.05,unstructured,csr,fp16,0.07884799689054489,0.12800000607967377,1.6233767645024724,530210,ok,
1024,16,0.05,unstructured,dense,fp16,0.055296000093221664,0.055296000093221664,1.0,2097152,ok,
1024,16,0.05,unstructured,csr,fp16,0.09318400174379349,0.055296000093221664,0.5934065833023172,530210,ok,
1024,128,0.05,unstructured,dense,fp16,0.04608000069856644,0.04608000069856644,1.0,2097152,ok,
1024,128,0.05,unstructured,csr,fp16,0.09267200157046318,0.04608000069856644,0.4972375681724053,530210,ok,
1024,1024,0.05,unstructured,dense,fp16,0.10035199671983719,0.10035199671983719,1.0,2097152,ok,
1024,1024,0.05,unstructured,csr,fp16,0.1730560064315796,0.10035199671983719,0.5798816162992466,530210,ok,
1024,1,0.02,unstructured,dense,fp32,0.043007999658584595,0.043007999658584595,1.0,4194304,ok,
1024,1,0.02,unstructured,csr,fp32,0.07884799689054489,0.043007999658584595,0.5454545626350836,259960,ok,
1024,16,0.02,unstructured,dense,fp32,0.048128001391887665,0.048128001391887665,1.0,4194304,ok,
1024,16,0.02,unstructured,csr,fp32,0.09304000064730644,0.048128001391887665,0.5172829004411771,259960,ok,
1024,128,0.02,unstructured,dense,fp32,0.08396799862384796,0.08396799862384796,1.0,4194304,ok,
1024,128,0.02,unstructured,csr,fp32,0.09318400174379349,0.08396799862384796,0.9010988694681236,259960,ok,
1024,1024,0.02,unstructured,dense,fp32,0.2385919988155365,0.2385919988155365,1.0,4194304,ok,
1024,1024,0.02,unstructured,csr,fp32,0.15411200374364853,0.2385919988155365,1.5481727121815434,259960,ok,
1024,1,0.02,unstructured,dense,fp16,0.04608000069856644,0.04608000069856644,1.0,2097152,ok,
1024,1,0.02,unstructured,csr,fp16,0.1443680003285408,0.04608000069856644,0.3191843108840004,218000,ok,
1024,16,0.02,unstructured,dense,fp16,0.13927999883890152,0.13927999883890152,1.0,2097152,ok,
1024,16,0.02,unstructured,csr,fp16,0.07884799689054489,0.13927999883890152,1.766436743247226,218000,ok,
1024,128,0.02,unstructured,dense,fp16,0.04608000069856644,0.04608000069856644,1.0,2097152,ok,
1024,128,0.02,unstructured,csr,fp16,0.10028799995779991,0.04608000069856644,0.45947671424254544,218000,ok,
1024,1024,0.02,unstructured,dense,fp16,0.14131200313568115,0.14131200313568115,1.0,2097152,ok,
1024,1024,0.02,unstructured,csr,fp16,0.11055999994277954,0.14131200313568115,1.2781476411796069,218000,ok,
1024,1,0.01,unstructured,dense,fp32,0.07372800260782242,0.07372800260782242,1.0,4194304,ok,
1024,1,0.01,unstructured,csr,fp32,0.13361600041389465,0.07372800260782242,0.5517902225739387,134836,ok,
1024,16,0.01,unstructured,dense,fp32,0.04793599992990494,0.04793599992990494,1.0,4194304,ok,
1024,16,0.01,unstructured,csr,fp32,0.07884799689054489,0.04793599992990494,0.6079545685408936,134836,ok,
1024,128,0.01,unstructured,dense,fp32,0.08396799862384796,0.08396799862384796,1.0,4194304,ok,
1024,128,0.01,unstructured,csr,fp32,0.09318400174379349,0.08396799862384796,0.9010988694681236,134836,ok,
1024,1024,0.01,unstructured,dense,fp32,0.2385599985718727,0.2385599985718727,1.0,4194304,ok,
1024,1024,0.01,unstructured,csr,fp32,0.10235199704766273,0.2385599985718727,2.3307801064280294,134836,ok,
1024,1,0.01,unstructured,dense,fp16,0.04608000069856644,0.04608000069856644,1.0,2097152,ok,
1024,1,0.01,unstructured,csr,fp16,0.07884799689054489,0.04608000069856644,0.5844156163222981,113730,ok,
1024,16,0.01,unstructured,dense,fp16,0.055296000093221664,0.055296000093221664,1.0,2097152,ok,
1024,16,0.01,unstructured,csr,fp16,0.07884799689054489,0.055296000093221664,0.7012987301374617,113730,ok,
1024,128,0.01,unstructured,dense,fp16,0.04608000069856644,0.04608000069856644,1.0,2097152,ok,
1024,128,0.01,unstructured,csr,fp16,0.09216000139713287,0.04608000069856644,0.5,113730,ok,
1024,1024,0.01,unstructured,dense,fp16,0.10028800368309021,0.10028800368309021,1.0,2097152,ok,
1024,1024,0.01,unstructured,csr,fp16,0.08601599931716919,0.10028800368309021,1.1659226711218627,113730,ok,
1024,1,0.005,unstructured,dense,fp32,0.043007999658584595,0.043007999658584595,1.0,4194304,ok,
1024,1,0.005,unstructured,csr,fp32,0.0793440006673336,0.043007999658584595,0.5420447582282203,71692,ok,
1024,16,0.005,unstructured,dense,fp32,0.048128001391887665,0.048128001391887665,1.0,4194304,ok,
1024,16,0.005,unstructured,csr,fp32,0.09318400174379349,0.048128001391887665,0.5164835217553128,71692,ok,
1024,128,0.005,unstructured,dense,fp32,0.08396799862384796,0.08396799862384796,1.0,4194304,ok,
1024,128,0.005,unstructured,csr,fp32,0.07884799689054489,0.08396799862384796,1.0649350894786909,71692,ok,
1024,1024,0.005,unstructured,dense,fp32,0.2385919988155365,0.2385919988155365,1.0,4194304,ok,
1024,1024,0.005,unstructured,csr,fp32,0.10035199671983719,0.2385919988155365,2.3775510863190683,71692,ok,
1024,1,0.005,unstructured,dense,fp16,0.04505600035190582,0.04505600035190582,1.0,2097152,ok,
1024,1,0.005,unstructured,csr,fp16,0.07884799689054489,0.04505600035190582,0.5714285984265599,61110,ok,
1024,16,0.005,unstructured,dense,fp16,0.061423998326063156,0.061423998326063156,1.0,2097152,ok,
1024,16,0.005,unstructured,csr,fp16,0.09318400174379349,0.061423998326063156,0.6591689257448562,61110,ok,
1024,128,0.005,unstructured,dense,fp16,0.045264000073075294,0.045264000073075294,1.0,2097152,ok,
1024,128,0.005,unstructured,csr,fp16,0.09220800176262856,0.045264000073075294,0.4908901527830372,61110,ok,
1024,1024,0.005,unstructured,dense,fp16,0.10028800368309021,0.10028800368309021,1.0,2097152,ok,
1024,1024,0.005,unstructured,csr,fp16,0.07680000364780426,0.10028800368309021,1.3058333192664826,61110,ok,
1024,1,1.0,block16,dense,fp32,0.04390399903059006,0.04390399903059006,1.0,4194304,ok,
1024,1,1.0,block16,csr,fp32,0.07884799689054489,0.04390399903059006,0.5568181914822345,12591112,ok,
1024,1,1.0,block16,bsr16,fp32,0.1730560064315796,0.04390399903059006,0.253698209821733,4227592,ok,
1024,1,1.0,block16,bsr32,fp32,0.18132799863815308,0.04390399903059006,0.24212476484782783,4202760,ok,
1024,16,1.0,block16,dense,fp32,0.04915200173854828,0.04915200173854828,1.0,4194304,ok,
1024,16,1.0,block16,csr,fp32,0.3758080005645752,0.04915200173854828,0.13079019516537002,12591112,ok,
1024,16,1.0,block16,bsr16,fp32,0.2764799892902374,0.04915200173854828,0.17777779095235174,4227592,ok,
1024,16,1.0,block16,bsr32,fp32,0.2513120025396347,0.04915200173854828,0.19558159276852072,4202760,ok,
1024,128,1.0,block16,dense,fp32,0.09830400347709656,0.09830400347709656,1.0,4194304,ok,
1024,128,1.0,block16,csr,fp32,0.4248320013284683,0.09830400347709656,0.2313950059545788,12591112,ok,
1024,128,1.0,block16,bsr16,fp32,0.6133760213851929,0.09830400347709656,0.1602671119342026,4227592,ok,
1024,128,1.0,block16,bsr32,fp32,0.37785598635673523,0.09830400347709656,0.26016262022189424,4202760,ok,
1024,1024,1.0,block16,dense,fp32,0.2396160066127777,0.2396160066127777,1.0,4194304,ok,
1024,1024,1.0,block16,csr,fp32,2.892224073410034,0.2396160066127777,0.08284835494445698,12591112,ok,
1024,1024,1.0,block16,bsr16,fp32,4.288512229919434,0.2396160066127777,0.05587392404784614,4227592,ok,
1024,1024,1.0,block16,bsr32,fp32,2.256384015083313,0.2396160066127777,0.10619469248630106,4202760,ok,
1024,1,1.0,block16,dense,fp16,0.12902399897575378,0.12902399897575378,1.0,2097152,ok,
1024,1,1.0,block16,csr,fp16,0.08140799775719643,0.12902399897575378,1.584905691460126,10493960,ok,
1024,1,1.0,block16,bsr16,fp16,0.21606400609016418,0.12902399897575378,0.5971563765318304,2130440,ok,
1024,1,1.0,block16,bsr32,fp16,0.23552000522613525,0.12902399897575378,0.5478260704515143,2105608,ok,
1024,16,1.0,block16,dense,fp16,0.05632000043988228,0.05632000043988228,1.0,2097152,ok,
1024,16,1.0,block16,csr,fp16,0.2949120104312897,0.05632000043988228,0.1909722169589429,10493960,ok,
1024,16,1.0,block16,bsr16,fp16,0.2662400007247925,0.05632000043988228,0.21153846261478662,2130440,ok,
1024,16,1.0,block16,bsr32,fp16,0.2783519923686981,0.05632000043988228,0.20233374282905153,2105608,ok,
1024,128,1.0,block16,dense,fp16,0.131071999669075,0.131071999669075,1.0,2097152,ok,
1024,128,1.0,block16,csr,fp16,0.4208639860153198,0.131071999669075,0.3114355326765923,10493960,ok,
1024,128,1.0,block16,bsr16,fp16,0.7562239766120911,0.131071999669075,0.1733243109485658,2130440,ok,
1024,128,1.0,block16,bsr32,fp16,0.4485119879245758,0.131071999669075,0.29223745005254304,2105608,ok,
1024,1024,1.0,block16,dense,fp16,0.09932799637317657,0.09932799637317657,1.0,2097152,ok,
1024,1024,1.0,block16,csr,fp16,2.2855679988861084,0.09932799637317657,0.04345877979635038,10493960,ok,
1024,1024,1.0,block16,bsr16,fp16,4.993023872375488,0.09932799637317657,0.019893354991295114,2130440,ok,
1024,1024,1.0,block16,bsr32,fp16,2.6030080318450928,0.09932799637317657,0.03815892811624166,2105608,ok,
1024,1,0.5,block16,dense,fp32,0.043007999658584595,0.043007999658584595,1.0,4194304,ok,
1024,1,0.5,block16,csr,fp32,0.0896960012614727,0.043007999658584595,0.4794862541665824,6256648,ok,
1024,1,0.5,block16,bsr16,fp32,0.16998399794101715,0.043007999658584595,0.25301204924894144,2099608,ok,
1024,1,0.5,block16,bsr32,fp32,0.17715199291706085,0.043007999658584595,0.24277457425342153,3923688,ok,
1024,16,0.5,block16,dense,fp32,0.04904000088572502,0.04904000088572502,1.0,4194304,ok,
1024,16,0.5,block16,csr,fp32,0.16076800227165222,0.04904000088572502,0.3050358292246573,6256648,ok,
1024,16,0.5,block16,bsr16,fp32,0.16998399794101715,0.04904000088572502,0.28849774966900965,2099608,ok,
1024,16,0.5,block16,bsr32,fp32,0.2881919890642166,0.04904000088572502,0.17016434441832332,3923688,ok,
1024,128,0.5,block16,dense,fp32,0.09728000313043594,0.09728000313043594,1.0,4194304,ok,
1024,128,0.5,block16,csr,fp32,0.21606400609016418,0.09728000313043594,0.45023696862234747,6256648,ok,
1024,128,0.5,block16,bsr16,fp32,0.3670080006122589,0.09728000313043594,0.26506235005272133,2099608,ok,
1024,128,0.5,block16,bsr32,fp32,0.40856000781059265,0.09728000313043594,0.23810456547556827,3923688,ok,
1024,1024,0.5,block16,dense,fp32,0.21401600539684296,0.21401600539684296,1.0,4194304,ok,
1024,1024,0.5,block16,csr,fp32,1.4473440051078796,0.21401600539684296,0.14786809814498178,6256648,ok,
1024,1024,0.5,block16,bsr16,fp32,2.1857279539108276,0.21401600539684296,0.09791520715737448,2099608,ok,
1024,1024,0.5,block16,bsr32,fp32,2.1042879819869995,0.21401600539684296,0.10170471305679166,3923688,ok,
1024,1,0.5,block16,dense,fp16,0.04608000069856644,0.04608000069856644,1.0,2097152,ok,
1024,1,0.5,block16,csr,fp16,0.09723200276494026,0.04608000069856644,0.4739180453781816,5215240,ok,
1024,1,0.5,block16,bsr16,fp16,0.2385919988155365,0.04608000069856644,0.19313305109695836,1058200,ok,
1024,1,0.5,block16,bsr32,fp16,0.3333280086517334,0.04608000069856644,0.1382422103829612,1965800,ok,
1024,16,0.5,block16,dense,fp16,0.05615999922156334,0.05615999922156334,1.0,2097152,ok,
1024,16,0.5,block16,csr,fp16,0.19046400487422943,0.05615999922156334,0.2948588593348539,5215240,ok,
1024,16,0.5,block16,bsr16,fp16,0.2964159995317459,0.05615999922156334,0.1894634544366039,1058200,ok,
1024,16,0.5,block16,bsr32,fp16,0.27033600211143494,0.05615999922156334,0.2077414727706659,1965800,ok,
1024,128,0.5,block16,dense,fp16,0.04608000069856644,0.04608000069856644,1.0,2097152,ok,
1024,128,0.5,block16,csr,fp16,0.2226400002837181,0.04608000069856644,0.20697089759183007,5215240,ok,
1024,128,0.5,block16,bsr16,fp16,0.4055039882659912,0.04608000069856644,0.11363636864735388,1058200,ok,
1024,128,0.5,block16,bsr32,fp16,0.41471999883651733,0.04608000069856644,0.11111111310725862,1965800,ok,
1024,1024,0.5,block16,dense,fp16,0.09932799637317657,0.09932799637317657,1.0,2097152,ok,
1024,1024,0.5,block16,csr,fp16,1.1648000478744507,0.09932799637317657,0.08527471865616094,5215240,ok,
1024,1024,0.5,block16,bsr16,fp16,2.557935953140259,0.09932799637317657,0.03883130703536038,1058200,ok,
1024,1024,0.5,block16,bsr32,fp16,2.447360038757324,0.09932799637317657,0.040585771933912725,1965800,ok,
1024,1,0.1,block16,dense,fp32,0.04303999990224838,0.04303999990224838,1.0,4194304,ok,
1024,1,0.1,block16,csr,fp32,0.0798719972372055,0.04303999990224838,0.538862196902718,1283080,ok,
1024,1,0.1,block16,bsr16,fp32,0.18636800348758698,0.04303999990224838,0.23094092921972553,428800,ok,
1024,1,0.1,block16,bsr32,fp32,0.1730560064315796,0.04303999990224838,0.24870561149384274,1453080,ok,
1024,16,0.1,block16,dense,fp32,0.04904000088572502,0.04904000088572502,1.0,4194304,ok,
1024,16,0.1,block16,csr,fp32,0.07372800260782242,0.04904000088572502,0.6651475579310209,1283080,ok,
1024,16,0.1,block16,bsr16,fp32,0.2529279887676239,0.04904000088572502,0.19388918215287052,428800,ok,
1024,16,0.1,block16,bsr32,fp32,0.23756800591945648,0.04904000088572502,0.2064251063434494,1453080,ok,
1024,128,0.1,block16,dense,fp32,0.0838559977710247,0.0838559977710247,1.0,4194304,ok,
1024,128,0.1,block16,csr,fp32,0.1361759975552559,0.0838559977710247,0.6157913235553762,1283080,ok,
1024,128,0.1,block16,bsr16,fp32,0.1669600009918213,0.0838559977710247,0.5022520200819386,428800,ok,
1024,128,0.1,block16,bsr32,fp32,0.18943999707698822,0.0838559977710247,0.44265202209090887,1453080,ok,
1024,1024,0.1,block16,dense,fp32,0.23654399812221527,0.23654399812221527,1.0,4194304,ok,
1024,1024,0.1,block16,csr,fp32,0.3338240087032318,0.23654399812221527,0.7085889329562929,1283080,ok,
1024,1024,0.1,block16,bsr16,fp32,0.5196000039577484,0.23654399812221527,0.45524248714488075,428800,ok,
1024,1024,0.1,block16,bsr32,fp32,0.822272002696991,0.23654399812221527,0.28767122964951813,1453080,ok,
1024,1,0.1,block16,dense,fp16,0.04608000069856644,0.04608000069856644,1.0,2097152,ok,
1024,1,0.1,block16,csr,fp16,0.0798719972372055,0.04608000069856644,0.5769231056250803,1070600,ok,
1024,1,0.1,block16,bsr16,fp16,0.33638399839401245,0.04608000069856644,0.13698630410056584,216320,ok,
1024,1,0.1,block16,bsr32,fp16,0.32102400064468384,0.04608000069856644,0.14354067174425614,728088,ok,
1024,16,0.1,block16,dense,fp16,0.08806400001049042,0.08806400001049042,1.0,2097152,ok,
1024,16,0.1,block16,csr,fp16,0.07473600283265114,0.08806400001049042,1.1783343592469526,1070600,ok,
1024,16,0.1,block16,bsr16,fp16,0.21956799924373627,0.08806400001049042,0.4010784828108446,216320,ok,
1024,16,0.1,block16,bsr32,fp16,0.30352000892162323,0.08806400001049042,0.29014232150088937,728088,ok,
1024,128,0.1,block16,dense,fp16,0.045152001082897186,0.045152001082897186,1.0,2097152,ok,
1024,128,0.1,block16,csr,fp16,0.1295360028743744,0.045152001082897186,0.348567194301079,1070600,ok,
1024,128,0.1,block16,bsr16,fp16,0.32043200731277466,0.045152001082897186,0.1409097719717624,216320,ok,
1024,128,0.1,block16,bsr32,fp16,0.21606400609016418,0.045152001082897186,0.2089751176049893,728088,ok,
1024,1024,0.1,block16,dense,fp16,0.11366400122642517,0.11366400122642517,1.0,2097152,ok,
1024,1024,0.1,block16,csr,fp16,0.3112959861755371,0.11366400122642517,0.3651315991023766,1070600,ok,
1024,1024,0.1,block16,bsr16,fp16,0.6328319907188416,0.11366400122642517,0.17961165505762888,216320,ok,
1024,1024,0.1,block16,bsr32,fp16,0.9871360063552856,0.11366400122642517,0.11514522871685802,728088,ok,
1024,1,0.05,block16,dense,fp32,0.043007999658584595,0.043007999658584595,1.0,4194304,ok,
1024,1,0.05,block16,csr,fp32,0.07983999699354172,0.043007999658584595,0.5386773707176308,711688,ok,
1024,1,0.05,block16,bsr16,fp32,0.18534399569034576,0.043007999658584595,0.2320442024485005,236848,ok,
1024,1,0.05,block16,bsr32,fp32,0.18936000019311905,0.043007999658584595,0.22712293839629716,890832,ok,
1024,16,0.05,block16,dense,fp32,0.04896000027656555,0.04896000027656555,1.0,4194304,ok,
1024,16,0.05,block16,csr,fp32,0.0942080020904541,0.04896000027656555,0.5197010783601637,711688,ok,
1024,16,0.05,block16,bsr16,fp32,0.17294400185346603,0.04896000027656555,0.2830974173828182,236848,ok,
1024,16,0.05,block16,bsr32,fp32,0.17100800573825836,0.04896000027656555,0.2863023872198288,890832,ok,
1024,128,0.05,block16,dense,fp32,0.08391999825835228,0.08391999825835228,1.0,4194304,ok,
1024,128,0.05,block16,csr,fp32,0.0942080020904541,0.08391999825835228,0.8907947987027284,711688,ok,
1024,128,0.05,block16,bsr16,fp32,0.17203199863433838,0.08391999825835228,0.48781621398660807,236848,ok,
1024,128,0.05,block16,bsr32,fp32,0.16998399794101715,0.08391999825835228,0.4936935198304474,890832,ok,
1024,1024,0.05,block16,dense,fp32,0.21299199759960175,0.21299199759960175,1.0,4194304,ok,
1024,1024,0.05,block16,csr,fp32,0.1669120043516159,0.21299199759960175,1.276073571981761,711688,ok,
1024,1024,0.05,block16,bsr16,fp32,0.2887679934501648,0.21299199759960175,0.7375886608997047,236848,ok,
1024,1024,0.05,block16,bsr32,fp32,0.6584319770336151,0.21299199759960175,0.32348367793310834,890832,ok,
1024,1,0.05,block16,dense,fp16,0.04608000069856644,0.04608000069856644,1.0,2097152,ok,
1024,1,0.05,block16,csr,fp16,0.08089599758386612,0.04608000069856644,0.569620278812862,594440,ok,
1024,1,0.05,block16,bsr16,fp16,0.2252800017595291,0.04608000069856644,0.20454545604875157,119600,ok,
1024,1,0.05,block16,bsr32,fp16,0.2303999960422516,0.04608000069856644,0.20000000646751798,446416,ok,
1024,16,0.05,block16,dense,fp16,0.06143999844789505,0.06143999844789505,1.0,2097152,ok,
1024,16,0.05,block16,csr,fp16,0.12175999954342842,0.06143999844789505,0.5045992007086129,594440,ok,
1024,16,0.05,block16,bsr16,fp16,0.3344159871339798,0.06143999844789505,0.18372326925650193,119600,ok,
1024,16,0.05,block16,bsr32,fp16,0.22118400037288666,0.06143999844789505,0.27777777029222467,446416,ok,
1024,128,0.05,block16,dense,fp16,0.04608000069856644,0.04608000069856644,1.0,2097152,ok,
1024,128,0.05,block16,csr,fp16,0.08816000074148178,0.04608000069856644,0.5226860289360739,594440,ok,
1024,128,0.05,block16,bsr16,fp16,0.22630399465560913,0.04608000069856644,0.20361991739779617,119600,ok,
1024,128,0.05,block16,bsr32,fp16,0.21691200137138367,0.04608000069856644,0.21243638160744752,446416,ok,
1024,1024,0.05,block16,dense,fp16,0.09932799637317657,0.09932799637317657,1.0,2097152,ok,
1024,1024,0.05,block16,csr,fp16,0.1884160041809082,0.09932799637317657,0.5271738820965893,594440,ok,
1024,1024,0.05,block16,bsr16,fp16,0.3901280015707016,0.09932799637317657,0.25460360695277007,119600,ok,
1024,1024,0.05,block16,bsr32,fp16,0.6599680185317993,0.09932799637317657,0.15050425715195567,446416,ok,
1024,1,0.02,block16,dense,fp32,0.043007999658584595,0.043007999658584595,1.0,4194304,ok,
1024,1,0.02,block16,csr,fp32,0.0798719972372055,0.043007999658584595,0.5384615528125402,241672,ok,
1024,1,0.02,block16,bsr16,fp32,0.18534399569034576,0.043007999658584595,0.2320442024485005,78952,ok,
1024,1,0.02,block16,bsr32,fp32,0.18534399569034576,0.043007999658584595,0.2320442024485005,299856,ok,
1024,16,0.02,block16,dense,fp32,0.048128001391887665,0.048128001391887665,1.0,4194304,ok,
1024,16,0.02,block16,csr,fp32,0.08244799822568893,0.048128001391887665,0.5837376580101379,241672,ok,
1024,16,0.02,block16,bsr16,fp32,0.1884160041809082,0.048128001391887665,0.25543478432796723,78952,ok,
1024,16,0.02,block16,bsr32,fp32,0.1740799993276596,0.048128001391887665,0.27647059729877077,299856,ok,
1024,128,0.02,block16,dense,fp32,0.08294399827718735,0.08294399827718735,1.0,4194304,ok,
1024,128,0.02,block16,csr,fp32,0.09318400174379349,0.08294399827718735,0.8901098549645817,241672,ok,
1024,128,0.02,block16,bsr16,fp32,0.17401599884033203,0.08294399827718735,0.47664581894732805,78952,ok,
1024,128,0.02,block16,bsr32,fp32,0.17203199863433838,0.08294399827718735,0.4821428509558183,299856,ok,
1024,1024,0.02,block16,dense,fp32,0.23654399812221527,0.23654399812221527,1.0,4194304,ok,
1024,1024,0.02,block16,csr,fp32,0.10444799810647964,0.23654399812221527,2.2647059054312386,241672,ok,
1024,1024,0.02,block16,bsr16,fp32,0.24878399819135666,0.23654399812221527,0.9508006939428364,78952,ok,
1024,1024,0.02,block16,bsr32,fp32,0.2611199915409088,0.23654399812221527,0.9058823750963423,299856,ok,
1024,1,0.02,block16,dense,fp16,0.04699200019240379,0.04699200019240379,1.0,2097152,ok,
1024,1,0.02,block16,csr,fp16,0.07884799689054489,0.04699200019240379,0.5959821688005225,202760,ok,
1024,1,0.02,block16,bsr16,fp16,0.22308800369501114,0.04699200019240379,0.21064333094596904,40040,ok,
1024,1,0.02,block16,bsr32,fp16,0.22835199534893036,0.04699200019240379,0.20578756108786467,150352,ok,
1024,16,0.02,block16,dense,fp16,0.06143999844789505,0.06143999844789505,1.0,2097152,ok,
1024,16,0.02,block16,csr,fp16,0.08191999793052673,0.06143999844789505,0.75,202760,ok,
1024,16,0.02,block16,bsr16,fp16,0.24012800306081772,0.06143999844789505,0.25586352972057996,40040,ok,
1024,16,0.02,block16,bsr32,fp16,0.23449599742889404,0.06143999844789505,0.26200872987832313,150352,ok,
1024,128,0.02,block16,dense,fp16,0.07680000364780426,0.07680000364780426,1.0,2097152,ok,
1024,128,0.02,block16,csr,fp16,0.14131200313568115,0.07680000364780426,0.5434782746237381,202760,ok,
1024,128,0.02,block16,bsr16,fp16,0.22220799326896667,0.07680000364780426,0.3456221467012819,40040,ok,
1024,128,0.02,block16,bsr32,fp16,0.23552000522613525,0.07680000364780426,0.32608696477424287,150352,ok,
1024,1024,0.02,block16,dense,fp16,0.09932799637317657,0.09932799637317657,1.0,2097152,ok,
1024,1024,0.02,block16,csr,fp16,0.13312000036239624,0.09932799637317657,0.7461538168778038,202760,ok,
1024,1024,0.02,block16,bsr16,fp16,0.22624000161886215,0.09932799637317657,0.43903817036083054,40040,ok,
1024,1024,0.02,block16,bsr32,fp16,0.30563199520111084,0.09932799637317657,0.32499214065535625,150352,ok,
1024,1,0.01,block16,dense,fp32,0.043007999658584595,0.043007999658584595,1.0,4194304,ok,
1024,1,0.01,block16,csr,fp32,0.08083199709653854,0.043007999658584595,0.5320665232014454,131080,ok,
1024,1,0.01,block16,bsr16,fp32,0.1854880005121231,0.043007999658584595,0.23186405341500071,41800,ok,
1024,1,0.01,block16,bsr32,fp32,0.18534399569034576,0.043007999658584595,0.2320442024485005,164424,ok,
1024,16,0.01,block16,dense,fp32,0.048128001391887665,0.048128001391887665,1.0,4194304,ok,
1024,16,0.01,block16,csr,fp32,0.09113600105047226,0.048128001391887665,0.5280898968261047,131080,ok,
1024,16,0.01,block16,bsr16,fp32,0.18534399569034576,0.048128001391887665,0.25966852183490813,41800,ok,
1024,16,0.01,block16,bsr32,fp32,0.1740799993276596,0.048128001391887665,0.27647059729877077,164424,ok,
1024,128,0.01,block16,dense,fp32,0.08294399827718735,0.08294399827718735,1.0,4194304,ok,
1024,128,0.01,block16,csr,fp32,0.10751999914646149,0.08294399827718735,0.7714285615293093,131080,ok,
1024,128,0.01,block16,bsr16,fp32,0.2826240062713623,0.08294399827718735,0.2934782482615734,41800,ok,
1024,128,0.01,block16,bsr32,fp32,0.2519040107727051,0.08294399827718735,0.32926827176256573,164424,ok,
1024,1024,0.01,block16,dense,fp32,0.25702399015426636,0.25702399015426636,1.0,4194304,ok,
1024,1024,0.01,block16,csr,fp32,0.09011200070381165,0.25702399015426636,2.8522725957342385,131080,ok,
1024,1024,0.01,block16,bsr16,fp32,0.1637759953737259,0.25702399015426636,1.569363016648165,41800,ok,
1024,1024,0.01,block16,bsr32,fp32,0.18534399569034576,0.25702399015426636,1.3867403106150595,164424,ok,
1024,1,0.01,block16,dense,fp16,0.04608000069856644,0.04608000069856644,1.0,2097152,ok,
1024,1,0.01,block16,csr,fp16,0.08089599758386612,0.04608000069856644,0.569620278812862,110600,ok,
1024,1,0.01,block16,bsr16,fp16,0.22273600101470947,0.04608000069856644,0.20688169172761306,21320,ok,
1024,1,0.01,block16,bsr32,fp16,0.22323200106620789,0.04608000069856644,0.20642202049203362,82504,ok,
1024,16,0.01,block16,dense,fp16,0.06143999844789505,0.06143999844789505,1.0,2097152,ok,
1024,16,0.01,block16,csr,fp16,0.09220800176262856,0.06143999844789505,0.6663195956253373,110600,ok,
1024,16,0.01,block16,bsr16,fp16,0.22630399465560913,0.06143999844789505,0.27149321222276623,21320,ok,
1024,16,0.01,block16,bsr32,fp16,0.23600000143051147,0.06143999844789505,0.26033897489608965,82504,ok,
1024,128,0.01,block16,dense,fp16,0.045152001082897186,0.045152001082897186,1.0,2097152,ok,
1024,128,0.01,block16,csr,fp16,0.09216000139713287,0.045152001082897186,0.4899305598784624,110600,ok,
1024,128,0.01,block16,bsr16,fp16,0.22630399465560913,0.045152001082897186,0.1995192402662171,21320,ok,
1024,128,0.01,block16,bsr32,fp16,0.23561600595712662,0.045152001082897186,0.1916338446510853,82504,ok,
1024,1024,0.01,block16,dense,fp16,0.09932799637317657,0.09932799637317657,1.0,2097152,ok,
1024,1024,0.01,block16,csr,fp16,0.08908800035715103,0.09932799637317657,1.1149424835552904,110600,ok,
1024,1024,0.01,block16,bsr16,fp16,0.2099200040102005,0.09932799637317657,0.473170705390945,21320,ok,
1024,1024,0.01,block16,bsr32,fp16,0.2252800017595291,0.09932799637317657,0.4409090713662297,82504,ok,
1024,1,0.005,block16,dense,fp32,0.04303999990224838,0.04303999990224838,1.0,4194304,ok,
1024,1,0.005,block16,csr,fp32,0.08089599758386612,0.04303999990224838,0.5320411539227037,69640,ok,
1024,1,0.005,block16,bsr16,fp32,0.18329599499702454,0.04303999990224838,0.23481145838973216,21160,ok,
1024,1,0.005,block16,bsr32,fp32,0.18534399569034576,0.04303999990224838,0.23221685570087372,82344,ok,
1024,16,0.005,block16,dense,fp32,0.048128001391887665,0.048128001391887665,1.0,4194304,ok,
1024,16,0.005,block16,csr,fp32,0.0942080020904541,0.048128001391887665,0.5108695686559345,69640,ok,
1024,16,0.005,block16,bsr16,fp32,0.18432000279426575,0.048128001391887665,0.26111111470417653,21160,ok,
1024,16,0.005,block16,bsr32,fp32,0.17100800573825836,0.048128001391887665,0.28143712444405367,82344,ok,
1024,128,0.005,block16,dense,fp32,0.0838719978928566,0.0838719978928566,1.0,4194304,ok,
1024,128,0.005,block16,csr,fp32,0.09318400174379349,0.0838719978928566,0.9000686418625812,69640,ok,
1024,128,0.005,block16,bsr16,fp32,0.1740799993276596,0.0838719978928566,0.48180146034461846,21160,ok,
1024,128,0.005,block16,bsr32,fp32,0.17310400307178497,0.0838719978928566,0.48451795686131816,82344,ok,
1024,1024,0.005,block16,dense,fp32,0.23654399812221527,0.23654399812221527,1.0,4194304,ok,
1024,1024,0.005,block16,csr,fp32,0.07884799689054489,0.23654399812221527,3.0000000944929597,69640,ok,
1024,1024,0.005,block16,bsr16,fp32,0.16998399794101715,0.23654399812221527,1.391566270869178,21160,ok,
1024,1024,0.005,block16,bsr32,fp32,0.1817599982023239,0.23654399812221527,1.301408453244532,82344,ok,
1024,1,0.005,block16,dense,fp16,0.04608000069856644,0.04608000069856644,1.0,2097152,ok,
1024,1,0.005,block16,csr,fp16,0.09318400174379349,0.04608000069856644,0.4945054927482291,59400,ok,
1024,1,0.005,block16,bsr16,fp16,0.22206400334835052,0.04608000069856644,0.20750774553172854,10920,ok,
1024,1,0.005,block16,bsr32,fp16,0.22220799326896667,0.04608000069856644,0.20737328131481722,41384,ok,
1024,16,0.005,block16,dense,fp16,0.05632000043988228,0.05632000043988228,1.0,2097152,ok,
1024,16,0.005,block16,csr,fp16,0.09318400174379349,0.05632000043988228,0.604395597805859,59400,ok,
1024,16,0.005,block16,bsr16,fp16,0.22323200106620789,0.05632000043988228,0.25229357874715486,10920,ok,
1024,16,0.005,block16,bsr32,fp16,0.2176000028848648,0.05632000043988228,0.25882352800189057,41384,ok,
1024,128,0.005,block16,dense,fp16,0.048128001391887665,0.048128001391887665,1.0,2097152,ok,
1024,128,0.005,block16,csr,fp16,0.10956799983978271,0.048128001391887665,0.4392523497943148,59400,ok,
1024,128,0.005,block16,bsr16,fp16,0.22164800018072128,0.048128001391887665,0.21713708832313566,10920,ok,
1024,128,0.005,block16,bsr32,fp16,0.22015999257564545,0.048128001391887665,0.21860466485685956,41384,ok,
1024,1024,0.005,block16,dense,fp16,0.10956799983978271,0.10956799983978271,1.0,2097152,ok,
1024,1024,0.005,block16,csr,fp16,0.08089599758386612,0.10956799983978271,1.3544304182192932,59400,ok,
1024,1024,0.005,block16,bsr16,fp16,0.20492799580097198,0.10956799983978271,0.5346658440274612,10920,ok,
1024,1024,0.005,block16,bsr32,fp16,0.23188799619674683,0.10956799983978271,0.4725039744912844,41384,ok,
4096,1,1.0,unstructured,dense,fp32,0.18432000279426575,0.18432000279426575,1.0,67108864,ok,
4096,1,1.0,unstructured,csr,fp32,0.5329920053482056,0.18432000279426575,0.345821327420941,201359344,ok,
4096,16,1.0,unstructured,dense,fp32,0.2232000008225441,0.2232000008225441,1.0,67108864,ok,
4096,16,1.0,unstructured,csr,fp32,3.677696108818054,0.2232000008225441,0.06069016966556179,201359344,ok,
4096,128,1.0,unstructured,dense,fp32,0.5708799958229065,0.5708799958229065,1.0,67108864,ok,
4096,128,1.0,unstructured,csr,fp32,6.596575975418091,0.5708799958229065,0.0865418662576268,201359344,ok,
4096,1024,1.0,unstructured,dense,fp32,3.6295679807662964,3.6295679807662964,1.0,67108864,ok,
4096,1024,1.0,unstructured,csr,fp32,53.3447208404541,3.6295679807662964,0.06803987205447712,201359344,ok,
4096,1,1.0,unstructured,dense,fp16,0.1085439994931221,0.1085439994931221,1.0,33554432,ok,
4096,1,1.0,unstructured,csr,fp16,1.0459839701652527,0.1085439994931221,0.10377214430539837,167804916,ok,
4096,16,1.0,unstructured,dense,fp16,0.11776000261306763,0.11776000261306763,1.0,33554432,ok,
4096,16,1.0,unstructured,csr,fp16,3.7964800596237183,0.11776000261306763,0.031018206539649047,167804916,ok,
4096,128,1.0,unstructured,dense,fp16,0.200655996799469,0.200655996799469,1.0,33554432,ok,
4096,128,1.0,unstructured,csr,fp16,5.76204776763916,0.200655996799469,0.03482373018953334,167804916,ok,
4096,1024,1.0,unstructured,dense,fp16,1.0639359951019287,1.0639359951019287,1.0,33554432,ok,
4096,1024,1.0,unstructured,csr,fp16,42.689008712768555,1.0639359951019287,0.02492294918958141,167804916,ok,
4096,1,0.5,unstructured,dense,fp32,0.18432000279426575,0.18432000279426575,1.0,67108864,ok,
4096,1,0.5,unstructured,csr,fp32,0.2877439856529236,0.18432000279426575,0.6405694366678868,100678564,ok,
4096,16,0.5,unstructured,dense,fp32,0.22118400037288666,0.22118400037288666,1.0,67108864,ok,
4096,16,0.5,unstructured,csr,fp32,1.8769919872283936,0.22118400037288666,0.11783960820178656,100678564,ok,
4096,128,0.5,unstructured,dense,fp32,0.49556800723075867,0.49556800723075867,1.0,67108864,ok,
4096,128,0.5,unstructured,csr,fp32,3.3218560218811035,0.49556800723075867,0.1491840717859072,100678564,ok,
4096,1024,0.5,unstructured,dense,fp32,3.615744113922119,3.615744113922119,1.0,67108864,ok,
4096,1024,0.5,unstructured,csr,fp32,26.672128677368164,3.615744113922119,0.13556263760043083,100678564,ok,
4096,1,0.5,unstructured,dense,fp16,0.12185599654912949,0.12185599654912949,1.0,33554432,ok,
4096,1,0.5,unstructured,csr,fp16,0.2815999984741211,0.12185599654912949,0.43272726281753865,83904266,ok,
4096,1,0.5,unstructured,semi24,fp16,,0.12185599654912949,,,unsupported,RuntimeError: sparse_semi_structured_mad_op : CUTLASS not supported
4096,16,0.5,unstructured,dense,fp16,0.11673600226640701,0.11673600226640701,1.0,33554432,ok,
4096,16,0.5,unstructured,csr,fp16,1.9456000328063965,0.11673600226640701,0.06000000015317805,83904266,ok,
4096,16,0.5,unstructured,semi24,fp16,,0.11673600226640701,,,unsupported,RuntimeError: sparse_semi_structured_mad_op : CUTLASS not supported
4096,128,0.5,unstructured,dense,fp16,0.2027519941329956,0.2027519941329956,1.0,33554432,ok,
4096,128,0.5,unstructured,csr,fp16,2.7759839296340942,0.2027519941329956,0.07303788468246665,83904266,ok,
4096,128,0.5,unstructured,semi24,fp16,,0.2027519941329956,,,unsupported,RuntimeError: sparse_semi_structured_mad_op : CUTLASS not supported
4096,1024,0.5,unstructured,dense,fp16,1.054144024848938,1.054144024848938,1.0,33554432,ok,
4096,1024,0.5,unstructured,csr,fp16,20.16256046295166,1.054144024848938,0.05228224990501125,83904266,ok,
4096,1024,0.5,unstructured,semi24,fp16,,1.054144024848938,,,unsupported,RuntimeError: sparse_semi_structured_mad_op : CUTLASS not supported
4096,1,0.1,unstructured,dense,fp32,0.18432000279426575,0.18432000279426575,1.0,67108864,ok,
4096,1,0.1,unstructured,csr,fp32,0.09523200243711472,0.18432000279426575,1.9354838507777803,20149780,ok,
4096,16,0.1,unstructured,dense,fp32,0.22062399983406067,0.22062399983406067,1.0,67108864,ok,
4096,16,0.1,unstructured,csr,fp32,0.48735998570919037,0.22062399983406067,0.45269206808805984,20149780,ok,
4096,128,0.1,unstructured,dense,fp32,0.4997119903564453,0.4997119903564453,1.0,67108864,ok,
4096,128,0.1,unstructured,csr,fp32,0.7377600073814392,0.4997119903564453,0.6773367834481743,20149780,ok,
4096,1024,0.1,unstructured,dense,fp32,3.46726393699646,3.46726393699646,1.0,67108864,ok,
4096,1024,0.1,unstructured,csr,fp32,5.468160152435303,3.46726393699646,0.6340823678056096,20149780,ok,
4096,1,0.1,unstructured,dense,fp16,0.12032000347971916,0.12032000347971916,1.0,33554432,ok,
4096,1,0.1,unstructured,csr,fp16,0.09113600105047226,0.12032000347971916,1.3202247420652617,16796946,ok,
4096,16,0.1,unstructured,dense,fp16,0.12083200365304947,0.12083200365304947,1.0,33554432,ok,
4096,16,0.1,unstructured,csr,fp16,0.4188160002231598,0.12083200365304947,0.28850856602581076,16796946,ok,
4096,128,0.1,unstructured,dense,fp16,0.19660800695419312,0.19660800695419312,1.0,33554432,ok,
4096,128,0.1,unstructured,csr,fp16,0.5355520248413086,0.19660800695419312,0.36711280666420926,16796946,ok,
4096,1024,0.1,unstructured,dense,fp16,1.0219520330429077,1.0219520330429077,1.0,33554432,ok,
4096,1024,0.1,unstructured,csr,fp16,3.985408067703247,1.0219520330429077,0.25642343661733213,16796946,ok,
4096,1,0.05,unstructured,dense,fp32,0.18432000279426575,0.18432000279426575,1.0,67108864,ok,
4096,1,0.05,unstructured,csr,fp32,0.07372800260782242,0.18432000279426575,2.4999999494725182,10087480,ok,
4096,16,0.05,unstructured,dense,fp32,0.2211040034890175,0.2211040034890175,1.0,67108864,ok,
4096,16,0.05,unstructured,csr,fp32,0.22937600314617157,0.2211040034890175,0.9639369439536241,10087480,ok,
4096,128,0.05,unstructured,dense,fp32,0.4792320132255554,0.4792320132255554,1.0,67108864,ok,
4096,128,0.05,unstructured,csr,fp32,0.4065279960632324,0.4792320132255554,1.1788413537723843,10087480,ok,
4096,1024,0.05,unstructured,dense,fp32,3.4472960233688354,3.4472960233688354,1.0,67108864,ok,
4096,1024,0.05,unstructured,csr,fp32,2.786303997039795,3.4472960233688354,1.2372289696426833,10087480,ok,
4096,1,0.05,unstructured,dense,fp16,0.11673600226640701,0.11673600226640701,1.0,33554432,ok,
4096,1,0.05,unstructured,csr,fp16,0.131071999669075,0.11673600226640701,0.8906250195399252,8411696,ok,
4096,16,0.05,unstructured,dense,fp16,0.11776000261306763,0.11776000261306763,1.0,33554432,ok,
4096,16,0.05,unstructured,csr,fp16,0.2764799892902374,0.11776000261306763,0.42592595187584437,8411696,ok,
4096,128,0.05,unstructured,dense,fp16,0.19652800261974335,0.19652800261974335,1.0,33554432,ok,
4096,128,0.05,unstructured,csr,fp16,0.32153600454330444,0.19652800261974335,0.6112161619314859,8411696,ok,
4096,1024,0.05,unstructured,dense,fp16,1.0331680178642273,1.0331680178642273,1.0,33554432,ok,
4096,1024,0.05,unstructured,csr,fp16,2.081792116165161,1.0331680178642273,0.4962877944640366,8411696,ok,
4096,1,0.02,unstructured,dense,fp32,0.18432000279426575,0.18432000279426575,1.0,67108864,ok,
4096,1,0.02,unstructured,csr,fp32,0.07475200295448303,0.18432000279426575,2.465753364582075,4055716,ok,
4096,16,0.02,unstructured,dense,fp32,0.2396160066127777,0.2396160066127777,1.0,67108864,ok,
4096,16,0.02,unstructured,csr,fp32,0.1443839967250824,0.2396160066127777,1.6595745515275073,4055716,ok,
4096,128,0.02,unstructured,dense,fp32,0.45260800421237946,0.45260800421237946,1.0,67108864,ok,
4096,128,0.02,unstructured,csr,fp32,0.2282719984650612,0.45260800421237946,1.9827574439957192,4055716,ok,
4096,1024,0.02,unstructured,dense,fp32,3.441663980484009,3.441663980484009,1.0,67108864,ok,
4096,1024,0.02,unstructured,csr,fp32,1.2021759748458862,3.441663980484009,2.862862053889586,4055716,ok,
4096,1,0.02,unstructured,dense,fp16,0.11161600053310394,0.11161600053310394,1.0,33554432,ok,
4096,1,0.02,unstructured,csr,fp16,0.07782399654388428,0.11161600053310394,1.4342105968583179,3385226,ok,
4096,16,0.02,unstructured,dense,fp16,0.13304000347852707,0.13304000347852707,1.0,33554432,ok,
4096,16,0.02,unstructured,csr,fp16,0.14336000382900238,0.13304000347852707,0.9280133923351115,3385226,ok,
4096,128,0.02,unstructured,dense,fp16,0.22574400156736374,0.22574400156736374,1.0,33554432,ok,
4096,128,0.02,unstructured,csr,fp16,0.15299200266599655,0.22574400156736374,1.475528116722514,3385226,ok,
4096,1024,0.02,unstructured,dense,fp16,1.026047945022583,1.026047945022583,1.0,33554432,ok,
4096,1024,0.02,unstructured,csr,fp16,0.9425600171089172,1.026047945022583,1.088575715496341,3385226,ok,
4096,1,0.01,unstructured,dense,fp32,0.18432000279426575,0.18432000279426575,1.0,67108864,ok,
4096,1,0.01,unstructured,csr,fp32,0.07884799689054489,0.18432000279426575,2.3376624652891924,2047708,ok,
4096,16,0.01,unstructured,dense,fp32,0.21913599967956543,0.21913599967956543,1.0,67108864,ok,
4096,16,0.01,unstructured,csr,fp32,0.0870399996638298,0.21913599967956543,2.517647064865847,2047708,ok,
4096,128,0.01,unstructured,dense,fp32,0.47308799624443054,0.47308799624443054,1.0,67108864,ok,
4096,128,0.01,unstructured,csr,fp32,0.13312000036239624,0.47308799624443054,3.553846115959511,2047708,ok,
4096,1024,0.01,unstructured,dense,fp32,3.7079039812088013,3.7079039812088013,1.0,67108864,ok,
4096,1024,0.01,unstructured,csr,fp32,0.6768640279769897,3.7079039812088013,5.478063285902457,2047708,ok,
4096,1,0.01,unstructured,dense,fp16,0.10751999914646149,0.10751999914646149,1.0,33554432,ok,
4096,1,0.01,unstructured,csr,fp16,0.0798719972372055,0.10751999914646149,1.3461538820313503,1711886,ok,
4096,16,0.01,unstructured,dense,fp16,0.13209599256515503,0.13209599256515503,1.0,33554432,ok,
4096,16,0.01,unstructured,csr,fp16,0.11980800330638885,0.13209599256515503,1.102564010079875,1711886,ok,
4096,128,0.01,unstructured,dense,fp16,0.21401600539684296,0.21401600539684296,1.0,33554432,ok,
4096,128,0.01,unstructured,csr,fp16,0.13209599256515503,0.21401600539684296,1.6201551708033965,1711886,ok,
4096,1024,0.01,unstructured,dense,fp16,1.0152159929275513,1.0152159929275513,1.0,33554432,ok,
4096,1024,0.01,unstructured,csr,fp16,0.5273600220680237,1.0152159929275513,1.9250909254486483,1711886,ok,
4096,1,0.005,unstructured,dense,fp32,0.19353599846363068,0.19353599846363068,1.0,67108864,ok,
4096,1,0.005,unstructured,csr,fp32,0.10956799983978271,0.19353599846363068,1.7663551287477302,1034212,ok,
4096,16,0.005,unstructured,dense,fp32,0.23347200453281403,0.23347200453281403,1.0,67108864,ok,
4096,16,0.005,unstructured,csr,fp32,0.07577600330114365,0.23347200453281403,3.081081006673921,1034212,ok,
4096,128,0.005,unstructured,dense,fp32,0.44332799315452576,0.44332799315452576,1.0,67108864,ok,
4096,128,0.005,unstructured,csr,fp32,0.1157120019197464,0.44332799315452576,3.8313051870107806,1034212,ok,
4096,1024,0.005,unstructured,dense,fp32,3.438528060913086,3.438528060913086,1.0,67108864,ok,
4096,1024,0.005,unstructured,csr,fp32,0.44441598653793335,3.438528060913086,7.737183551158299,1034212,ok,
4096,1,0.005,unstructured,dense,fp16,0.14950400590896606,0.14950400590896606,1.0,33554432,ok,
4096,1,0.005,unstructured,csr,fp16,0.08084799721837044,0.14950400590896606,1.849198632653271,867306,ok,
4096,16,0.005,unstructured,dense,fp16,0.11673600226640701,0.11673600226640701,1.0,33554432,ok,
4096,16,0.005,unstructured,csr,fp16,0.07212800160050392,0.11673600226640701,1.6184560735922489,867306,ok,
4096,128,0.005,unstructured,dense,fp16,0.1945600062608719,0.1945600062608719,1.0,33554432,ok,
4096,128,0.005,unstructured,csr,fp16,0.07884799689054489,0.1945600062608719,2.467532644246574,867306,ok,
4096,1024,0.005,unstructured,dense,fp16,1.0117119550704956,1.0117119550704956,1.0,33554432,ok,
4096,1024,0.005,unstructured,csr,fp16,0.32548800110816956,1.0117119550704956,3.1082926302228664,867306,ok,
4096,1,1.0,block16,dense,fp32,0.18432000279426575,0.18432000279426575,1.0,67108864,ok,
4096,1,1.0,block16,csr,fp32,0.5263360142707825,0.18432000279426575,0.3501945483431031,201359356,ok,
4096,1,1.0,block16,bsr16,fp32,0.5457919836044312,0.18432000279426575,0.33771108468286654,67635208,ok,
4096,1,1.0,block16,bsr32,fp32,0.3031040132045746,0.18432000279426575,0.6081080908350174,67240968,ok,
4096,16,1.0,block16,dense,fp32,0.22015999257564545,0.22015999257564545,1.0,67108864,ok,
4096,16,1.0,block16,csr,fp32,3.7068800926208496,0.22015999257564545,0.05939226170652508,201359356,ok,
4096,16,1.0,block16,bsr16,fp32,2.430975914001465,0.22015999257564545,0.0905644483384679,67635208,ok,
4096,16,1.0,block16,bsr32,fp32,2.525183916091919,0.22015999257564545,0.08718572582878412,67240968,ok,
4096,128,1.0,block16,dense,fp32,0.4776960015296936,0.4776960015296936,1.0,67108864,ok,
4096,128,1.0,block16,csr,fp32,6.681600093841553,0.4776960015296936,0.07149425209838392,201359356,ok,
4096,128,1.0,block16,bsr16,fp32,9.084415912628174,0.4776960015296936,0.05258411835434045,67635208,ok,
4096,128,1.0,block16,bsr32,fp32,4.454400062561035,0.4776960015296936,0.10724137814757588,67240968,ok,
4096,1024,1.0,block16,dense,fp32,3.6669440269470215,3.6669440269470215,1.0,67108864,ok,
4096,1024,1.0,block16,csr,fp32,53.550079345703125,3.6669440269470215,0.0684769111783073,201359356,ok,
4096,1024,1.0,block16,bsr16,fp32,639.6195678710938,3.6669440269470215,0.005733007886472357,67635208,ok,
4096,1024,1.0,block16,bsr32,fp32,35.630592346191406,3.6669440269470215,0.10291560665953917,67240968,ok,
4096,1,1.0,block16,dense,fp16,0.10751999914646149,0.10751999914646149,1.0,33554432,ok,
4096,1,1.0,block16,csr,fp16,1.0475519895553589,0.10751999914646149,0.10263929639625728,167804916,ok,
4096,1,1.0,block16,bsr16,fp16,0.8519519865512848,0.10751999914646149,0.12620429418998616,34080776,ok,
4096,1,1.0,block16,bsr32,fp16,0.5693439841270447,0.10751999914646149,0.18884892462913816,33686536,ok,
4096,16,1.0,block16,dense,fp16,0.12083200365304947,0.12083200365304947,1.0,33554432,ok,
4096,16,1.0,block16,csr,fp16,3.7990400791168213,0.12083200365304947,0.03180593021833552,167804916,ok,
4096,16,1.0,block16,bsr16,fp16,3.1482880115509033,0.12083200365304947,0.038380225446249895,34080776,ok,
4096,16,1.0,block16,bsr32,fp16,2.857472062110901,0.12083200365304947,0.04228632897421479,33686536,ok,
4096,128,1.0,block16,dense,fp16,0.1955839991569519,0.1955839991569519,1.0,33554432,ok,
4096,128,1.0,block16,csr,fp16,5.73798394203186,0.1955839991569519,0.03408583940506711,167804916,ok,
4096,128,1.0,block16,bsr16,fp16,10.564607620239258,0.1955839991569519,0.018513134248569707,34080776,ok,
4096,128,1.0,block16,bsr32,fp16,5.35696005821228,0.1955839991569519,0.03651025899607361,33686536,ok,
4096,1024,1.0,block16,dense,fp16,1.0572479963302612,1.0572479963302612,1.0,33554432,ok,
4096,1024,1.0,block16,csr,fp16,43.29574394226074,1.0572479963302612,0.024419213069538856,167804916,ok,
4096,1024,1.0,block16,bsr16,fp16,1336.052734375,1.0572479963302612,0.00079132205573071,34080776,ok,
4096,1024,1.0,block16,bsr32,fp16,342.7369079589844,1.0572479963302612,0.0030847217553143795,33686536,ok,
4096,1,0.5,block16,dense,fp32,0.1984960064291954,0.1984960064291954,1.0,67108864,ok,
4096,1,0.5,block16,csr,fp32,0.2887679934501648,0.1984960064291954,0.687389222252748,100499464,ok,
4096,1,0.5,block16,bsr16,fp32,0.3829759955406189,0.1984960064291954,0.5182988196139898,33752584,ok,
4096,1,0.5,block16,bsr32,fp32,0.3199999928474426,0.1984960064291954,0.6203000339560218,63157488,ok,
4096,16,0.5,block16,dense,fp32,0.2319360002875328,0.2319360002875328,1.0,67108864,ok,
4096,16,0.5,block16,csr,fp32,1.8595839738845825,0.2319360002875328,0.12472467150974072,100499464,ok,
4096,16,0.5,block16,bsr16,fp32,1.240064024925232,0.2319360002875328,0.1870355043172203,33752584,ok,
4096,16,0.5,block16,bsr32,fp32,2.362320065498352,0.2319360002875328,0.09818144614481099,63157488,ok,
4096,128,0.5,block16,dense,fp32,0.4864000082015991,0.4864000082015991,1.0,67108864,ok,
4096,128,0.5,block16,csr,fp32,3.275215983390808,0.4864000082015991,0.14850929241558983,100499464,ok,
4096,128,0.5,block16,bsr16,fp32,4.552639961242676,0.4864000082015991,0.10683911144795047,33752584,ok,
4096,128,0.5,block16,bsr32,fp32,4.206480026245117,0.4864000082015991,0.11563112273607547,63157488,ok,
4096,1024,0.5,block16,dense,fp32,3.517423987388611,3.517423987388611,1.0,67108864,ok,
4096,1024,0.5,block16,csr,fp32,26.09920024871826,3.517423987388611,0.1347713322197048,100499464,ok,
4096,1024,0.5,block16,bsr16,fp32,35.70022392272949,3.517423987388611,0.09852666456663735,33752584,ok,
4096,1024,0.5,block16,bsr32,fp32,32.88774490356445,3.517423987388611,0.10695242248146311,63157488,ok,
4096,1,0.5,block16,dense,fp16,0.10838399827480316,0.10838399827480316,1.0,33554432,ok,
4096,1,0.5,block16,csr,fp16,0.28148800134658813,0.10838399827480316,0.3850394963775136,83755016,ok,
4096,1,0.5,block16,bsr16,fp16,0.45158401131629944,0.10838399827480316,0.24000849356663473,17008136,ok,
4096,1,0.5,block16,bsr32,fp16,0.5565440058708191,0.10838399827480316,0.19474470505744781,31640816,ok,
4096,16,0.5,block16,dense,fp16,0.11772800236940384,0.11772800236940384,1.0,33554432,ok,
4096,16,0.5,block16,csr,fp16,1.9159040451049805,0.11772800236940384,0.06144775500119215,83755016,ok,
4096,16,0.5,block16,bsr16,fp16,1.4766080379486084,0.11772800236940384,0.07972867500637378,17008136,ok,
4096,16,0.5,block16,bsr32,fp16,2.6792958974838257,0.11772800236940384,0.0439399031961958,31640816,ok,
4096,128,0.5,block16,dense,fp16,0.21036799997091293,0.21036799997091293,1.0,33554432,ok,
4096,128,0.5,block16,csr,fp16,2.5691840648651123,0.21036799997091293,0.08188124893338762,83755016,ok,
4096,128,0.5,block16,bsr16,fp16,5.351423978805542,0.21036799997091293,0.039310658397480935,17008136,ok,
4096,128,0.5,block16,bsr32,fp16,4.992992162704468,0.21036799997091293,0.04213265174783822,31640816,ok,
4096,1024,0.5,block16,dense,fp16,1.0383360385894775,1.0383360385894775,1.0,33554432,ok,
4096,1024,0.5,block16,csr,fp16,19.71455955505371,1.0383360385894775,0.05266848775849554,83755016,ok,
4096,1024,0.5,block16,bsr16,fp16,42.71257781982422,1.0383360385894775,0.02430984247706899,17008136,ok,
4096,1024,0.5,block16,bsr32,fp16,41.499534606933594,1.0383360385894775,0.025020426094513264,31640816,ok,
4096,1,0.1,block16,dense,fp32,0.18432000279426575,0.18432000279426575,1.0,67108864,ok,
4096,1,0.1,block16,csr,fp32,0.09523200243711472,0.18432000279426575,1.9354838507777803,20102152,ok,
4096,1,0.1,block16,bsr16,fp32,0.1740799993276596,0.18432000279426575,1.058823549552824,6744112,ok,
4096,1,0.1,block16,bsr32,fp32,0.1669120043516159,0.18432000279426575,1.1042944664781464,22934184,ok,
4096,16,0.1,block16,dense,fp32,0.2181120067834854,0.2181120067834854,1.0,67108864,ok,
4096,16,0.1,block16,csr,fp32,0.4095679968595505,0.2181120067834854,0.5325416254587895,20102152,ok,
4096,16,0.1,block16,bsr16,fp32,0.3158399909734726,0.2181120067834854,0.6905775488126982,6744112,ok,
4096,16,0.1,block16,bsr32,fp32,0.8970239758491516,0.2181120067834854,0.24315069904013836,22934184,ok,
4096,128,0.1,block16,dense,fp32,0.45875200629234314,0.45875200629234314,1.0,67108864,ok,
4096,128,0.1,block16,csr,fp32,0.7004159986972809,0.45875200629234314,0.6549707704358354,20102152,ok,
4096,128,0.1,block16,bsr16,fp32,0.971776008605957,0.45875200629234314,0.47207587163057996,6744112,ok,
4096,128,0.1,block16,bsr32,fp32,1.5523840188980103,0.45875200629234314,0.2955145123292348,22934184,ok,
4096,1024,0.1,block16,dense,fp32,3.441663980484009,3.441663980484009,1.0,67108864,ok,
4096,1024,0.1,block16,csr,fp32,5.231616020202637,3.441663980484009,0.6578586744886339,20102152,ok,
4096,1024,0.1,block16,bsr16,fp32,7.1541759967803955,3.441663980484009,0.48107063371559017,6744112,ok,
4096,1024,0.1,block16,bsr32,fp32,12.001279830932617,3.441663980484009,0.2867747464410683,22934184,ok,
4096,1,0.1,block16,dense,fp16,0.10751999914646149,0.10751999914646149,1.0,33554432,ok,
4096,1,0.1,block16,csr,fp16,0.09011200070381165,0.10751999914646149,1.1931817993906055,16757256,ok,
4096,1,0.1,block16,bsr16,fp16,0.21915200352668762,0.10751999914646149,0.49061837179767354,3399216,ok,
4096,1,0.1,block16,bsr32,fp16,0.2539519965648651,0.10751999914646149,0.4233870991402048,11489960,ok,
4096,16,0.1,block16,dense,fp16,0.11673600226640701,0.11673600226640701,1.0,33554432,ok,
4096,16,0.1,block16,csr,fp16,0.419840008020401,0.11673600226640701,0.2780487805743719,16757256,ok,
4096,16,0.1,block16,bsr16,fp16,0.37376001477241516,0.11673600226640701,0.31232876084267147,3399216,ok,
4096,16,0.1,block16,bsr32,fp16,1.0510879755020142,0.11673600226640701,0.11106206615164851,11489960,ok,
4096,128,0.1,block16,dense,fp16,0.21606400609016418,0.21606400609016418,1.0,33554432,ok,
4096,128,0.1,block16,csr,fp16,0.5288959741592407,0.21606400609016418,0.40851890853136147,16757256,ok,
4096,128,0.1,block16,bsr16,fp16,1.1458560228347778,0.21606400609016418,0.1885612169281399,3399216,ok,
4096,128,0.1,block16,bsr32,fp16,1.8882559537887573,0.21606400609016418,0.11442516871541435,11489960,ok,
4096,1024,0.1,block16,dense,fp16,1.0398720502853394,1.0398720502853394,1.0,33554432,ok,
4096,1024,0.1,block16,csr,fp16,4.146175861358643,1.0398720502853394,0.2508026878398226,16757256,ok,
4096,1024,0.1,block16,bsr16,fp16,8.200128078460693,1.0398720502853394,0.12681168395610493,3399216,ok,
4096,1024,0.1,block16,bsr32,fp16,13.923840045928955,1.0398720502853394,0.07468284947652616,11489960,ok,
4096,1,0.05,block16,dense,fp32,0.19857600331306458,0.19857600331306458,1.0,67108864,ok,
4096,1,0.05,block16,csr,fp32,0.1340639963746071,0.19857600331306458,1.481203072286428,10406908,ok,
4096,1,0.05,block16,bsr16,fp32,0.18534399569034576,0.19857600331306458,1.0713916173730575,3487120,ok,
4096,1,0.05,block16,bsr32,fp32,0.1740799993276596,0.19857600331306458,1.1407169352022901,12809616,ok,
4096,16,0.05,block16,dense,fp32,0.23756800591945648,0.23756800591945648,1.0,67108864,ok,
4096,16,0.05,block16,csr,fp32,0.23654399812221527,0.23756800591945648,1.0043290373265448,10406908,ok,
4096,16,0.05,block16,bsr16,fp32,0.21094399690628052,0.23756800591945648,1.1262136368118816,3487120,ok,
4096,16,0.05,block16,bsr32,fp32,0.5529439747333527,0.23756800591945648,0.42964209173998036,12809616,ok,
4096,128,0.05,block16,dense,fp32,0.5816320180892944,0.5816320180892944,1.0,67108864,ok,
4096,128,0.05,block16,csr,fp32,0.35123199224472046,0.5816320180892944,1.6559767644515795,10406908,ok,
4096,128,0.05,block16,bsr16,fp32,0.5539839863777161,0.5816320180892944,1.0499076370282072,3487120,ok,
4096,128,0.05,block16,bsr32,fp32,0.9093120098114014,0.5816320180892944,0.6396396526313665,12809616,ok,
4096,1024,0.05,block16,dense,fp32,3.438591957092285,3.438591957092285,1.0,67108864,ok,
4096,1024,0.05,block16,csr,fp32,2.8088319301605225,3.438591957092285,1.2242070877112865,10406908,ok,
4096,1024,0.05,block16,bsr16,fp32,3.765760064125061,3.438591957092285,0.9131202993654376,3487120,ok,
4096,1024,0.05,block16,bsr32,fp32,6.771199941635132,3.438591957092285,0.5078260849969707,12809616,ok,
4096,1,0.05,block16,dense,fp16,0.1085439994931221,0.1085439994931221,1.0,33554432,ok,
4096,1,0.05,block16,csr,fp16,0.13516800105571747,0.1085439994931221,0.803030293008323,8677886,ok,
4096,1,0.05,block16,bsr16,fp16,0.2109759971499443,0.1085439994931221,0.5144850644596219,1758096,ok,
4096,1,0.05,block16,bsr32,fp16,0.21246400475502014,0.1085439994931221,0.5108818296928831,6417808,ok,
4096,16,0.05,block16,dense,fp16,0.11776000261306763,0.11776000261306763,1.0,33554432,ok,
4096,16,0.05,block16,csr,fp16,0.26265600323677063,0.11776000261306763,0.4483430843456228,8677886,ok,
4096,16,0.05,block16,bsr16,fp16,0.3091679960489273,0.11776000261306763,0.3808932493595862,1758096,ok,
4096,16,0.05,block16,bsr32,fp16,0.6205440163612366,0.11776000261306763,0.1897689761051795,6417808,ok,
4096,128,0.05,block16,dense,fp16,0.1955839991569519,0.1955839991569519,1.0,33554432,ok,
4096,128,0.05,block16,csr,fp16,0.29286399483680725,0.1955839991569519,0.6678321767274167,8677886,ok,
4096,128,0.05,block16,bsr16,fp16,0.6430720090866089,0.1955839991569519,0.3041401217800644,1758096,ok,
4096,128,0.05,block16,bsr32,fp16,1.0956799983978271,0.1955839991569519,0.178504672388788,6417808,ok,
4096,1024,0.05,block16,dense,fp16,1.013759970664978,1.013759970664978,1.0,33554432,ok,
4096,1024,0.05,block16,csr,fp16,3.102720022201538,1.013759970664978,0.32673266147477387,8677886,ok,
4096,1024,0.05,block16,bsr16,fp16,4.324319839477539,1.013759970664978,0.23443223635082916,1758096,ok,
4096,1024,0.05,block16,bsr32,fp16,7.884799957275391,1.013759970664978,0.12857142554765397,6417808,ok,
4096,1,0.02,block16,dense,fp32,0.18432000279426575,0.18432000279426575,1.0,67108864,ok,
4096,1,0.02,block16,csr,fp32,0.07833599671721458,0.18432000279426575,2.3529413107443213,4259848,ok,
4096,1,0.02,block16,bsr16,fp32,0.16896000504493713,0.18432000279426575,1.0909090748739232,1422088,ok,
4096,1,0.02,block16,bsr32,fp32,0.1740799993276596,0.18432000279426575,1.058823549552824,5471664,ok,
4096,16,0.02,block16,dense,fp32,0.2210879996418953,0.2210879996418953,1.0,67108864,ok,
4096,16,0.02,block16,csr,fp32,0.12902399897575378,0.2210879996418953,1.7135416774939847,4259848,ok,
4096,16,0.02,block16,bsr16,fp32,0.16782400012016296,0.2210879996418953,1.3173801094217454,1422088,ok,
4096,16,0.02,block16,bsr32,fp32,0.2959359884262085,0.2210879996418953,0.7470804778345621,5471664,ok,
4096,128,0.02,block16,dense,fp32,0.4567039906978607,0.4567039906978607,1.0,67108864,ok,
4096,128,0.02,block16,csr,fp32,0.19046400487422943,0.4567039906978607,2.3978493521620505,4259848,ok,
4096,128,0.02,block16,bsr16,fp32,0.27740800380706787,0.4567039906978607,1.6463259330307207,1422088,ok,
4096,128,0.02,block16,bsr32,fp32,0.4413439929485321,0.4567039906978607,1.0348027796792056,5471664,ok,
4096,1024,0.02,block16,dense,fp32,3.4242560863494873,3.4242560863494873,1.0,67108864,ok,
4096,1024,0.02,block16,csr,fp32,1.1355840563774109,3.4242560863494873,3.0154140216384273,4259848,ok,
4096,1024,0.02,block16,bsr16,fp32,1.6291840076446533,3.4242560863494873,2.1018227961247966,1422088,ok,
4096,1024,0.02,block16,bsr32,fp32,3.013599991798401,3.4242560863494873,1.1362676186848615,5471664,ok,
4096,1,0.02,block16,dense,fp16,0.1085439994931221,0.1085439994931221,1.0,33554432,ok,
4096,1,0.02,block16,csr,fp16,0.07577600330114365,0.1085439994931221,1.4324323633400695,3555336,ok,
4096,1,0.02,block16,bsr16,fp16,0.22118400037288666,0.1085439994931221,0.4907407376217603,717576,ok,
4096,1,0.02,block16,bsr32,fp16,0.2210720032453537,0.1085439994931221,0.49098935143160594,2741680,ok,
4096,16,0.02,block16,dense,fp16,0.11366400122642517,0.11366400122642517,1.0,33554432,ok,
4096,16,0.02,block16,csr,fp16,0.131071999669075,0.11366400122642517,0.8671875115463195,3555336,ok,
4096,16,0.02,block16,bsr16,fp16,0.20838399976491928,0.11366400122642517,0.5454545519552894,717576,ok,
4096,16,0.02,block16,bsr32,fp16,0.32153600454330444,0.11366400122642517,0.35350318353264515,2741680,ok,
4096,128,0.02,block16,dense,fp16,0.19553600251674652,0.19553600251674652,1.0,33554432,ok,
4096,128,0.02,block16,csr,fp16,0.15462400019168854,0.19553600251674652,1.2645902464969154,3555336,ok,
4096,128,0.02,block16,bsr16,fp16,0.319487988948822,0.19553600251674652,0.6120292758425699,717576,ok,
4096,128,0.02,block16,bsr32,fp16,0.5294079780578613,0.19553600251674652,0.36934842431742787,2741680,ok,
4096,1024,0.02,block16,dense,fp16,1.0106879472732544,1.0106879472732544,1.0,33554432,ok,
4096,1024,0.02,block16,csr,fp16,0.936959981918335,1.0106879472732544,1.0786884891326614,3555336,ok,
4096,1024,0.02,block16,bsr16,fp16,1.8954240083694458,1.0106879472732544,0.5332252534580413,717576,ok,
4096,1024,0.02,block16,bsr32,fp16,3.489280104637146,1.0106879472732544,0.2896551486164958,2741680,ok,
4096,1,0.01,block16,dense,fp32,0.18432000279426575,0.18432000279426575,1.0,67108864,ok,
4096,1,0.01,block16,csr,fp32,0.11776000261306763,0.18432000279426575,1.5652173803010094,2137096,ok,
4096,1,0.01,block16,bsr16,fp32,0.16896000504493713,0.18432000279426575,1.0909090748739232,708976,ok,
4096,1,0.01,block16,bsr32,fp32,0.17628799378871918,0.18432000279426575,1.0455618606402255,2754816,ok,
4096,16,0.01,block16,dense,fp32,0.2181120067834854,0.2181120067834854,1.0,67108864,ok,
4096,16,0.01,block16,csr,fp32,0.08806400001049042,0.2181120067834854,2.4767442627805156,2137096,ok,
4096,16,0.01,block16,bsr16,fp32,0.17203199863433838,0.2181120067834854,1.2678571923534536,708976,ok,
4096,16,0.01,block16,bsr32,fp32,0.1955839991569519,0.2181120067834854,1.1151832855634334,2754816,ok,
4096,128,0.01,block16,dense,fp32,0.42905598878860474,0.42905598878860474,1.0,67108864,ok,
4096,128,0.01,block16,csr,fp32,0.1157120019197464,0.42905598878860474,3.7079644433615644,2137096,ok,
4096,128,0.01,block16,bsr16,fp32,0.187391996383667,0.42905598878860474,2.289617470695782,708976,ok,
4096,128,0.01,block16,bsr32,fp32,0.2693119943141937,0.42905598878860474,1.5931558855416041,2754816,ok,
4096,1024,0.01,block16,dense,fp32,3.3965920209884644,3.3965920209884644,1.0,67108864,ok,
4096,1024,0.01,block16,csr,fp32,0.5539360046386719,3.3965920209884644,6.13174083747099,2137096,ok,
4096,1024,0.01,block16,bsr16,fp32,0.886784017086029,3.3965920209884644,3.8302359487146154,708976,ok,
4096,1024,0.01,block16,bsr32,fp32,1.5902719497680664,3.3965920209884644,2.1358560851707415,2754816,ok,
4096,1,0.01,block16,dense,fp16,0.1085439994931221,0.1085439994931221,1.0,33554432,ok,
4096,1,0.01,block16,csr,fp16,0.08035199716687202,0.1085439994931221,1.3508562738982328,1786376,ok,
4096,1,0.01,block16,bsr16,fp16,0.22732800245285034,0.1085439994931221,0.47747747009581454,358256,ok,
4096,1,0.01,block16,bsr32,fp16,0.234592005610466,0.1085439994931221,0.4626926617156623,1380608,ok,
4096,16,0.01,block16,dense,fp16,0.11264000087976456,0.11264000087976456,1.0,33554432,ok,
4096,16,0.01,block16,csr,fp16,0.091024000197649,0.11264000087976456,1.23747583752833,1786376,ok,
4096,16,0.01,block16,bsr16,fp16,0.22065600007772446,0.11264000087976456,0.5104778516790296,358256,ok,
4096,16,0.01,block16,bsr32,fp16,0.2314079999923706,0.11264000087976456,0.4867593206953875,1380608,ok,
4096,128,0.01,block16,dense,fp16,0.1955680027604103,0.1955680027604103,1.0,33554432,ok,
4096,128,0.01,block16,csr,fp16,0.10444799810647964,0.1955680027604103,1.8723958937062466,1786376,ok,
4096,128,0.01,block16,bsr16,fp16,0.21606400609016418,0.1955680027604103,0.9051392052723449,358256,ok,
4096,128,0.01,block16,bsr32,fp16,0.32153600454330444,0.1955680027604103,0.6082304936213488,1380608,ok,
4096,1024,0.01,block16,dense,fp16,1.0086400508880615,1.0086400508880615,1.0,33554432,ok,
4096,1024,0.01,block16,csr,fp16,0.5171200037002563,1.0086400508880615,1.950495133954845,1786376,ok,
4096,1024,0.01,block16,bsr16,fp16,1.04038405418396,1.0086400508880615,0.9694881873974921,358256,ok,
4096,1024,0.01,block16,bsr32,fp16,2.8666878938674927,1.0086400508880615,0.3518485751608243,1380608,ok,
4096,1,0.005,block16,dense,fp32,0.18432000279426575,0.18432000279426575,1.0,67108864,ok,
4096,1,0.005,block16,csr,fp32,0.0798719972372055,0.18432000279426575,2.3076924225003212,1034248,ok,
4096,1,0.005,block16,bsr16,fp32,0.174064002931118,0.18432000279426575,1.0589208549179827,338488,ok,
4096,1,0.005,block16,bsr32,fp32,0.1740799993276596,0.18432000279426575,1.058823549552824,1330728,ok,
4096,16,0.005,block16,dense,fp32,0.2170879989862442,0.2170879989862442,1.0,67108864,ok,
4096,16,0.005,block16,csr,fp32,0.07577600330114365,0.2170879989862442,2.864864726680139,1034248,ok,
4096,16,0.005,block16,bsr16,fp32,0.16998399794101715,0.2170879989862442,1.2771084432404731,338488,ok,
4096,16,0.005,block16,bsr32,fp32,0.16998399794101715,0.2170879989862442,1.2771084432404731,1330728,ok,
4096,128,0.005,block16,dense,fp32,0.4423680007457733,0.4423680007457733,1.0,67108864,ok,
4096,128,0.005,block16,csr,fp32,0.08601599931716919,0.4423680007457733,5.142857192353453,1034248,ok,
4096,128,0.005,block16,bsr16,fp32,0.16486400365829468,0.4423680007457733,2.683229758647905,338488,ok,
4096,128,0.005,block16,bsr32,fp32,0.187391996383667,0.4423680007457733,2.360655787241135,1330728,ok,
4096,1024,0.005,block16,dense,fp32,3.388416051864624,3.388416051864624,1.0,67108864,ok,
4096,1024,0.005,block16,csr,fp32,0.31539198756217957,3.388416051864624,10.74350708163313,1034248,ok,
4096,1024,0.005,block16,bsr16,fp32,0.5130239725112915,3.388416051864624,6.604790874153636,338488,ok,
4096,1024,0.005,block16,bsr32,fp32,0.8488960266113281,3.388416051864624,3.991556027645338,1330728,ok,
4096,1,0.005,block16,dense,fp16,0.1085439994931221,0.1085439994931221,1.0,33554432,ok,
4096,1,0.005,block16,csr,fp16,0.0820159986615181,0.1085439994931221,1.3234490985238827,867336,ok,
4096,1,0.005,block16,bsr16,fp16,0.21963199973106384,0.1085439994931221,0.4942084925057944,171576,ok,
4096,1,0.005,block16,bsr32,fp16,0.24063999950885773,0.1085439994931221,0.45106382860147365,667176,ok,
4096,16,0.005,block16,dense,fp16,0.11673600226640701,0.11673600226640701,1.0,33554432,ok,
4096,16,0.005,block16,csr,fp16,0.12078400328755379,0.11673600226640701,0.9664856196932835,867336,ok,
4096,16,0.005,block16,bsr16,fp16,0.23867200314998627,0.11673600226640701,0.48910639172474607,171576,ok,
4096,16,0.005,block16,bsr32,fp16,0.21913599967956543,0.11673600226640701,0.5327102914952623,667176,ok,
4096,128,0.005,block16,dense,fp16,0.1955839991569519,0.1955839991569519,1.0,33554432,ok,
4096,128,0.005,block16,csr,fp16,0.07884799689054489,0.1955839991569519,2.4805195676493526,867336,ok,
4096,128,0.005,block16,bsr16,fp16,0.21094399690628052,0.1955839991569519,0.9271844756210207,171576,ok,
4096,128,0.005,block16,bsr32,fp16,0.21751999855041504,0.1955839991569519,0.8991541028887099,667176,ok,
4096,1024,0.005,block16,dense,fp16,1.0086400508880615,1.0086400508880615,1.0,33554432,ok,
4096,1024,0.005,block16,csr,fp16,0.2887679934501648,1.0086400508880615,3.492908056869299,867336,ok,
4096,1024,0.005,block16,bsr16,fp16,0.6041600108146667,1.0086400508880615,1.6694915797687144,171576,ok,
4096,1024,0.005,block16,bsr32,fp16,1.005568027496338,1.0086400508880615,1.0030550129953637,667176,ok,
