model,mask_set,device,dtype,batch,format,ms,speedup,status,error
mnist_mlp,mnist_d0.01_learned,cuda,fp32,1,dense,0.24883199483156204,1.0,ok,
mnist_mlp,mnist_d0.01_learned,cuda,fp32,1,csr,0.3635679930448532,0.6844166692112079,ok,
mnist_mlp,mnist_d0.01_learned,cuda,fp32,64,dense,0.17003200203180313,1.0,ok,
mnist_mlp,mnist_d0.01_learned,cuda,fp32,64,csr,0.38100799918174744,0.4462688510397781,ok,
mnist_mlp,mnist_d0.01_learned,cuda,fp32,1024,dense,0.5539519786834717,1.0,ok,
mnist_mlp,mnist_d0.01_learned,cuda,fp32,1024,csr,0.3742720037698746,1.4800785875079114,ok,
mnist_mlp,mnist_d0.01_learned,cuda,fp16,1,dense,0.18329599499702454,1.0,ok,
mnist_mlp,mnist_d0.01_learned,cuda,fp16,1,csr,0.3255840092897415,0.5629760361907301,ok,
mnist_mlp,mnist_d0.01_learned,cuda,fp16,64,dense,0.2027519941329956,1.0,ok,
mnist_mlp,mnist_d0.01_learned,cuda,fp16,64,csr,0.4899839907884598,0.41379309925358254,ok,
mnist_mlp,mnist_d0.01_learned,cuda,fp16,1024,dense,0.20787200331687927,1.0,ok,
mnist_mlp,mnist_d0.01_learned,cuda,fp16,1024,csr,0.41467200219631195,0.5012925932203871,ok,
mnist_mlp,mnist_d0.01_learned,cpu1,fp32,1,dense,0.12710000009974465,1.0,ok,
mnist_mlp,mnist_d0.01_learned,cpu1,fp32,1,csr,0.09575000149197876,1.3274151239610388,ok,
mnist_mlp,mnist_d0.01_random,cuda,fp32,1,dense,0.19865599274635315,1.0,ok,
mnist_mlp,mnist_d0.01_random,cuda,fp32,1,csr,0.3266560137271881,0.608150422457135,ok,
mnist_mlp,mnist_d0.01_random,cuda,fp32,64,dense,0.1746560037136078,1.0,ok,
mnist_mlp,mnist_d0.01_random,cuda,fp32,64,csr,0.34915199875831604,0.500229138984552,ok,
mnist_mlp,mnist_d0.01_random,cuda,fp32,1024,dense,0.5043040215969086,1.0,ok,
mnist_mlp,mnist_d0.01_random,cuda,fp32,1024,csr,0.3696639984846115,1.3642227094448904,ok,
mnist_mlp,mnist_d0.01_random,cuda,fp16,1,dense,0.1802079975605011,1.0,ok,
mnist_mlp,mnist_d0.01_random,cuda,fp16,1,csr,0.33484798669815063,0.5381785309133423,ok,
mnist_mlp,mnist_d0.01_random,cuda,fp16,64,dense,0.20473600178956985,1.0,ok,
mnist_mlp,mnist_d0.01_random,cuda,fp16,64,csr,0.35737599432468414,0.5728868335895068,ok,
mnist_mlp,mnist_d0.01_random,cuda,fp16,1024,dense,0.2067359983921051,1.0,ok,
mnist_mlp,mnist_d0.01_random,cuda,fp16,1024,csr,0.34508800506591797,0.5990819598398236,ok,
mnist_mlp,mnist_d0.01_random,cpu1,fp32,1,dense,0.1277999981539324,1.0,ok,
mnist_mlp,mnist_d0.01_random,cpu1,fp32,1,csr,0.09980000322684646,1.2805610623422692,ok,
mnist_mlp,mnist_d0.01_block16,cuda,fp32,1,dense,0.2847519963979721,1.0,ok,
mnist_mlp,mnist_d0.01_block16,cuda,fp32,1,csr,0.3271680027246475,0.8703540505995822,ok,
mnist_mlp,mnist_d0.01_block16,cuda,fp32,1,bsr16,,,unsupported,"dense_to_sparse_bsr: tensor sparse size (10,1024) must be divisible by given blocksize (16,16)"
mnist_mlp,mnist_d0.01_block16,cuda,fp32,64,dense,0.2242559939622879,1.0,ok,
mnist_mlp,mnist_d0.01_block16,cuda,fp32,64,csr,0.4177919924259186,0.5367647011617921,ok,
mnist_mlp,mnist_d0.01_block16,cuda,fp32,64,bsr16,,,unsupported,"dense_to_sparse_bsr: tensor sparse size (10,1024) must be divisible by given blocksize (16,16)"
mnist_mlp,mnist_d0.01_block16,cuda,fp32,1024,dense,0.5042720139026642,1.0,ok,
mnist_mlp,mnist_d0.01_block16,cuda,fp32,1024,csr,0.5012800097465515,1.0059687282515524,ok,
mnist_mlp,mnist_d0.01_block16,cuda,fp32,1024,bsr16,,,unsupported,"dense_to_sparse_bsr: tensor sparse size (10,1024) must be divisible by given blocksize (16,16)"
mnist_mlp,mnist_d0.01_block16,cuda,fp16,1,dense,0.26839999854564667,1.0,ok,
mnist_mlp,mnist_d0.01_block16,cuda,fp16,1,csr,0.32257600128650665,0.832051973721561,ok,
mnist_mlp,mnist_d0.01_block16,cuda,fp16,1,bsr16,,,unsupported,"dense_to_sparse_bsr: tensor sparse size (10,1024) must be divisible by given blocksize (16,16)"
mnist_mlp,mnist_d0.01_block16,cuda,fp16,64,dense,0.2385920062661171,1.0,ok,
mnist_mlp,mnist_d0.01_block16,cuda,fp16,64,csr,0.374783992767334,0.6366120508626821,ok,
mnist_mlp,mnist_d0.01_block16,cuda,fp16,64,bsr16,,,unsupported,"dense_to_sparse_bsr: tensor sparse size (10,1024) must be divisible by given blocksize (16,16)"
mnist_mlp,mnist_d0.01_block16,cuda,fp16,1024,dense,0.2462719976902008,1.0,ok,
mnist_mlp,mnist_d0.01_block16,cuda,fp16,1024,csr,0.34355199337005615,0.7168405436231294,ok,
mnist_mlp,mnist_d0.01_block16,cuda,fp16,1024,bsr16,,,unsupported,"dense_to_sparse_bsr: tensor sparse size (10,1024) must be divisible by given blocksize (16,16)"
mnist_mlp,mnist_d0.01_block16,cpu1,fp32,1,dense,0.1293499990424607,1.0,ok,
mnist_mlp,mnist_d0.01_block16,cpu1,fp32,1,csr,0.09669999781181104,1.3376422127143186,ok,
mnist_mlp,mnist_d0.005_learned,cuda,fp32,1,dense,0.19918400049209595,1.0,ok,
mnist_mlp,mnist_d0.005_learned,cuda,fp32,1,csr,0.3240959942340851,0.6145833457856044,ok,
mnist_mlp,mnist_d0.005_learned,cuda,fp32,64,dense,0.16998399794101715,1.0,ok,
mnist_mlp,mnist_d0.005_learned,cuda,fp32,64,csr,0.3747840076684952,0.4535518977943472,ok,
mnist_mlp,mnist_d0.005_learned,cuda,fp32,1024,dense,0.5099520087242126,1.0,ok,
mnist_mlp,mnist_d0.005_learned,cuda,fp32,1024,csr,0.35737600922584534,1.426934084996025,ok,
mnist_mlp,mnist_d0.005_learned,cuda,fp16,1,dense,0.18636800348758698,1.0,ok,
mnist_mlp,mnist_d0.005_learned,cuda,fp16,1,csr,0.3338240087032318,0.5582822044811863,ok,
mnist_mlp,mnist_d0.005_learned,cuda,fp16,64,dense,0.20582400262355804,1.0,ok,
mnist_mlp,mnist_d0.005_learned,cuda,fp16,64,csr,0.3461120128631592,0.5946745416921827,ok,
mnist_mlp,mnist_d0.005_learned,cuda,fp16,1024,dense,0.20684799551963806,1.0,ok,
mnist_mlp,mnist_d0.005_learned,cuda,fp16,1024,csr,0.34508800506591797,0.5994065064073334,ok,
mnist_mlp,mnist_d0.005_learned,cpu1,fp32,1,dense,0.127350002003368,1.0,ok,
mnist_mlp,mnist_d0.005_learned,cpu1,fp32,1,csr,0.09085000056074932,1.4017611581434384,ok,
mnist_mlp,mnist_d0.005_random,cuda,fp32,1,dense,0.19763199985027313,1.0,ok,
mnist_mlp,mnist_d0.005_random,cuda,fp32,1,csr,0.32256001234054565,0.6126983887935289,ok,
mnist_mlp,mnist_d0.005_random,cuda,fp32,64,dense,0.17510400712490082,1.0,ok,
mnist_mlp,mnist_d0.005_random,cuda,fp32,64,csr,0.3532800078392029,0.49565218308249204,ok,
mnist_mlp,mnist_d0.005_random,cuda,fp32,1024,dense,0.5129280090332031,1.0,ok,
mnist_mlp,mnist_d0.005_random,cuda,fp32,1024,csr,0.3250399976968765,1.5780458179535979,ok,
mnist_mlp,mnist_d0.005_random,cuda,fp16,1,dense,0.18320000171661377,1.0,ok,
mnist_mlp,mnist_d0.005_random,cuda,fp16,1,csr,0.32153600454330444,0.5697651246765443,ok,
mnist_mlp,mnist_d0.005_random,cuda,fp16,64,dense,0.2017280012369156,1.0,ok,
mnist_mlp,mnist_d0.005_random,cuda,fp16,64,csr,0.3553279936313629,0.567723356595989,ok,
mnist_mlp,mnist_d0.005_random,cuda,fp16,1024,dense,0.20787200331687927,1.0,ok,
mnist_mlp,mnist_d0.005_random,cuda,fp16,1024,csr,0.3527680039405823,0.5892597996270993,ok,
mnist_mlp,mnist_d0.005_random,cpu1,fp32,1,dense,0.12725000124191865,1.0,ok,
mnist_mlp,mnist_d0.005_random,cpu1,fp32,1,csr,0.08739999975659885,1.4559496750148568,ok,
mnist_mlp,mnist_d0.005_block16,cuda,fp32,1,dense,0.19660800695419312,1.0,ok,
mnist_mlp,mnist_d0.005_block16,cuda,fp32,1,csr,0.318000003695488,0.6182641656270608,ok,
mnist_mlp,mnist_d0.005_block16,cuda,fp32,1,bsr16,,,unsupported,"dense_to_sparse_bsr: tensor sparse size (10,1024) must be divisible by given blocksize (16,16)"
mnist_mlp,mnist_d0.005_block16,cuda,fp32,64,dense,0.1730560064315796,1.0,ok,
mnist_mlp,mnist_d0.005_block16,cuda,fp32,64,csr,0.3543039858341217,0.48843934404001055,ok,
mnist_mlp,mnist_d0.005_block16,cuda,fp32,64,bsr16,,,unsupported,"dense_to_sparse_bsr: tensor sparse size (10,1024) must be divisible by given blocksize (16,16)"
mnist_mlp,mnist_d0.005_block16,cuda,fp32,1024,dense,0.5212159752845764,1.0,ok,
mnist_mlp,mnist_d0.005_block16,cuda,fp32,1024,csr,0.3553279936313629,1.4668587463596099,ok,
mnist_mlp,mnist_d0.005_block16,cuda,fp32,1024,bsr16,,,unsupported,"dense_to_sparse_bsr: tensor sparse size (10,1024) must be divisible by given blocksize (16,16)"
mnist_mlp,mnist_d0.005_block16,cuda,fp16,1,dense,0.4188160002231598,1.0,ok,
mnist_mlp,mnist_d0.005_block16,cuda,fp16,1,csr,0.32256001234054565,1.298412649429685,ok,
mnist_mlp,mnist_d0.005_block16,cuda,fp16,1,bsr16,,,unsupported,"dense_to_sparse_bsr: tensor sparse size (10,1024) must be divisible by given blocksize (16,16)"
mnist_mlp,mnist_d0.005_block16,cuda,fp16,64,dense,0.2027519941329956,1.0,ok,
mnist_mlp,mnist_d0.005_block16,cuda,fp16,64,csr,0.36505600810050964,0.5553996910993794,ok,
mnist_mlp,mnist_d0.005_block16,cuda,fp16,64,bsr16,,,unsupported,"dense_to_sparse_bsr: tensor sparse size (10,1024) must be divisible by given blocksize (16,16)"
mnist_mlp,mnist_d0.005_block16,cuda,fp16,1024,dense,0.2462719976902008,1.0,ok,
mnist_mlp,mnist_d0.005_block16,cuda,fp16,1024,csr,0.3516799956560135,0.7002729775141525,ok,
mnist_mlp,mnist_d0.005_block16,cuda,fp16,1024,bsr16,,,unsupported,"dense_to_sparse_bsr: tensor sparse size (10,1024) must be divisible by given blocksize (16,16)"
mnist_mlp,mnist_d0.005_block16,cpu1,fp32,1,dense,0.12704999971901998,1.0,ok,
mnist_mlp,mnist_d0.005_block16,cpu1,fp32,1,csr,0.08734999937587418,1.454493424462586,ok,
cnn_classifier.1,cnn_d0.03_learned,cuda,fp32,1,dense,0.043007999658584595,1.0,ok,
cnn_classifier.1,cnn_d0.03_learned,cuda,fp32,1,csr,0.09318400174379349,0.46153844923760357,ok,
cnn_classifier.1,cnn_d0.03_learned,cuda,fp32,64,dense,0.058368001133203506,1.0,ok,
cnn_classifier.1,cnn_d0.03_learned,cuda,fp32,64,csr,0.08191999793052673,0.7125000318323154,ok,
cnn_classifier.1,cnn_d0.03_learned,cuda,fp32,1024,dense,0.21606400609016418,1.0,ok,
cnn_classifier.1,cnn_d0.03_learned,cuda,fp32,1024,csr,0.11662400141358376,1.8526547149067223,ok,
cnn_classifier.1,cnn_d0.03_learned,cuda,fp16,1,dense,0.048128001391887665,1.0,ok,
cnn_classifier.1,cnn_d0.03_learned,cuda,fp16,1,csr,0.09318400174379349,0.5164835217553128,ok,
cnn_classifier.1,cnn_d0.03_learned,cuda,fp16,64,dense,0.053247999399900436,1.0,ok,
cnn_classifier.1,cnn_d0.03_learned,cuda,fp16,64,csr,0.09364800155162811,0.5685972847006759,ok,
cnn_classifier.1,cnn_d0.03_learned,cuda,fp16,1024,dense,0.14070399850606918,1.0,ok,
cnn_classifier.1,cnn_d0.03_learned,cuda,fp16,1024,csr,0.0942080020904541,1.493546146652933,ok,
cnn_classifier.4,cnn_d0.03_learned,cuda,fp32,1,dense,0.05640000104904175,1.0,ok,
cnn_classifier.4,cnn_d0.03_learned,cuda,fp32,1,csr,0.08857600018382072,0.6367413400017555,ok,
cnn_classifier.4,cnn_d0.03_learned,cuda,fp32,64,dense,0.07577600330114365,1.0,ok,
cnn_classifier.4,cnn_d0.03_learned,cuda,fp32,64,csr,0.1305599957704544,0.5803922009492871,ok,
cnn_classifier.4,cnn_d0.03_learned,cuda,fp32,1024,dense,0.07321600243449211,1.0,ok,
cnn_classifier.4,cnn_d0.03_learned,cuda,fp32,1024,csr,0.10300799831748009,0.7107797805063029,ok,
cnn_classifier.4,cnn_d0.03_learned,cuda,fp16,1,dense,0.09940799698233604,1.0,ok,
cnn_classifier.4,cnn_d0.03_learned,cuda,fp16,1,csr,0.08137599751353264,1.221588675036576,ok,
cnn_classifier.4,cnn_d0.03_learned,cuda,fp16,64,dense,0.05734400078654289,1.0,ok,
cnn_classifier.4,cnn_d0.03_learned,cuda,fp16,64,csr,0.07683200016617775,0.7463556937541023,ok,
cnn_classifier.4,cnn_d0.03_learned,cuda,fp16,1024,dense,0.062463998794555664,1.0,ok,
cnn_classifier.4,cnn_d0.03_learned,cuda,fp16,1024,csr,0.07680000364780426,0.8133332790061857,ok,
cnn_conv,cnn_d0.03_learned,cuda,-,-,csr,,,unsupported,PyTorch has no sparse conv2d kernel; conv layers measured as dense only
cnn_classifier.1,cnn_d0.03_block16,cuda,fp32,1,dense,0.043007999658584595,1.0,ok,
cnn_classifier.1,cnn_d0.03_block16,cuda,fp32,1,csr,0.0798719972372055,0.5384615528125402,ok,
cnn_classifier.1,cnn_d0.03_block16,cuda,fp32,64,dense,0.058368001133203506,1.0,ok,
cnn_classifier.1,cnn_d0.03_block16,cuda,fp32,64,csr,0.08143999800086021,0.7166994421167224,ok,
cnn_classifier.1,cnn_d0.03_block16,cuda,fp32,1024,dense,0.2727999985218048,1.0,ok,
cnn_classifier.1,cnn_d0.03_block16,cuda,fp32,1024,csr,0.2549760043621063,1.069904594372675,ok,
cnn_classifier.1,cnn_d0.03_block16,cuda,fp16,1,dense,0.04608000069856644,1.0,ok,
cnn_classifier.1,cnn_d0.03_block16,cuda,fp16,1,csr,0.07996799796819687,0.5762305155731468,ok,
cnn_classifier.1,cnn_d0.03_block16,cuda,fp16,64,dense,0.05427199974656105,1.0,ok,
cnn_classifier.1,cnn_d0.03_block16,cuda,fp16,64,csr,0.08038400113582611,0.6751592229759352,ok,
cnn_classifier.1,cnn_d0.03_block16,cuda,fp16,1024,dense,0.09830400347709656,1.0,ok,
cnn_classifier.1,cnn_d0.03_block16,cuda,fp16,1024,csr,0.08857600018382072,1.1098266265476813,ok,
cnn_classifier.4,cnn_d0.03_block16,cuda,fp32,1,dense,0.05222399905323982,1.0,ok,
cnn_classifier.4,cnn_d0.03_block16,cuda,fp32,1,csr,0.07790399715304375,0.6703635366827825,ok,
cnn_classifier.4,cnn_d0.03_block16,cuda,fp32,64,dense,0.0451200008392334,1.0,ok,
cnn_classifier.4,cnn_d0.03_block16,cuda,fp32,64,csr,0.08001599833369255,0.5638872447865791,ok,
cnn_classifier.4,cnn_d0.03_block16,cuda,fp32,1024,dense,0.05177599936723709,1.0,ok,
cnn_classifier.4,cnn_d0.03_block16,cuda,fp32,1024,csr,0.07734399661421776,0.6694249280327385,ok,
cnn_classifier.4,cnn_d0.03_block16,cuda,fp16,1,dense,0.05020799860358238,1.0,ok,
cnn_classifier.4,cnn_d0.03_block16,cuda,fp16,1,csr,0.0788159966468811,0.6370280240003691,ok,
cnn_classifier.4,cnn_d0.03_block16,cuda,fp16,64,dense,0.04915200173854828,1.0,ok,
cnn_classifier.4,cnn_d0.03_block16,cuda,fp16,64,csr,0.07884799689054489,0.6233766700095126,ok,
cnn_classifier.4,cnn_d0.03_block16,cuda,fp16,1024,dense,0.07782399654388428,1.0,ok,
cnn_classifier.4,cnn_d0.03_block16,cuda,fp16,1024,csr,0.2252800017595291,0.3454545274149813,ok,
cnn_conv,cnn_d0.03_block16,cuda,-,-,csr,,,unsupported,PyTorch has no sparse conv2d kernel; conv layers measured as dense only
cnn_classifier.1,cnn_d0.01_learned,cuda,fp32,1,dense,0.043007999658584595,1.0,ok,
cnn_classifier.1,cnn_d0.01_learned,cuda,fp32,1,csr,0.09432000294327736,0.4559796259171977,ok,
cnn_classifier.1,cnn_d0.01_learned,cuda,fp32,64,dense,0.07782399654388428,1.0,ok,
cnn_classifier.1,cnn_d0.01_learned,cuda,fp32,64,csr,0.09062400087714195,0.8587570156981867,ok,
cnn_classifier.1,cnn_d0.01_learned,cuda,fp32,1024,dense,0.21606400609016418,1.0,ok,
cnn_classifier.1,cnn_d0.01_learned,cuda,fp32,1024,csr,0.09212800115346909,2.3452588071485394,ok,
cnn_classifier.1,cnn_d0.01_learned,cuda,fp16,1,dense,0.04608000069856644,1.0,ok,
cnn_classifier.1,cnn_d0.01_learned,cuda,fp16,1,csr,0.07884799689054489,0.5844156163222981,ok,
cnn_classifier.1,cnn_d0.01_learned,cuda,fp16,64,dense,0.053247999399900436,1.0,ok,
cnn_classifier.1,cnn_d0.01_learned,cuda,fp16,64,csr,0.08089599758386612,0.6582278603425024,ok,
cnn_classifier.1,cnn_d0.01_learned,cuda,fp16,1024,dense,0.09828800335526466,1.0,ok,
cnn_classifier.1,cnn_d0.01_learned,cuda,fp16,1024,csr,0.07168000191450119,1.3712053673282694,ok,
cnn_classifier.4,cnn_d0.01_learned,cuda,fp32,1,dense,0.055215999484062195,1.0,ok,
cnn_classifier.4,cnn_d0.01_learned,cuda,fp32,1,csr,0.08089599758386612,0.6825553937550362,ok,
cnn_classifier.4,cnn_d0.01_learned,cuda,fp32,64,dense,0.052239999175071716,1.0,ok,
cnn_classifier.4,cnn_d0.01_learned,cuda,fp32,64,csr,0.07372800260782242,0.7085503109713858,ok,
cnn_classifier.4,cnn_d0.01_learned,cuda,fp32,1024,dense,0.055824000388383865,1.0,ok,
cnn_classifier.4,cnn_d0.01_learned,cuda,fp32,1024,csr,0.08089599758386612,0.690071227943141,ok,
cnn_classifier.4,cnn_d0.01_learned,cuda,fp16,1,dense,0.050175998359918594,1.0,ok,
cnn_classifier.4,cnn_d0.01_learned,cuda,fp16,1,csr,0.08038399741053581,0.6242038213608683,ok,
cnn_classifier.4,cnn_d0.01_learned,cuda,fp16,64,dense,0.0516160000115633,1.0,ok,
cnn_classifier.4,cnn_d0.01_learned,cuda,fp16,64,csr,0.0798719972372055,0.6462339968571593,ok,
cnn_classifier.4,cnn_d0.01_learned,cuda,fp16,1024,dense,0.05217599868774414,1.0,ok,
cnn_classifier.4,cnn_d0.01_learned,cuda,fp16,1024,csr,0.07787199690937996,0.6700226109324205,ok,
cnn_conv,cnn_d0.01_learned,cuda,-,-,csr,,,unsupported,PyTorch has no sparse conv2d kernel; conv layers measured as dense only
cnn_classifier.1,cnn_d0.01_block16,cuda,fp32,1,dense,0.043007999658584595,1.0,ok,
cnn_classifier.1,cnn_d0.01_block16,cuda,fp32,1,csr,0.08089599758386612,0.5316455812785736,ok,
cnn_classifier.1,cnn_d0.01_block16,cuda,fp32,64,dense,0.05734400078654289,1.0,ok,
cnn_classifier.1,cnn_d0.01_block16,cuda,fp32,64,csr,0.07782399654388428,0.7368421480925502,ok,
cnn_classifier.1,cnn_d0.01_block16,cuda,fp32,1024,dense,0.21503999829292297,1.0,ok,
cnn_classifier.1,cnn_d0.01_block16,cuda,fp32,1024,csr,0.0727200023829937,2.957095589193933,ok,
cnn_classifier.1,cnn_d0.01_block16,cuda,fp16,1,dense,0.04516800120472908,1.0,ok,
cnn_classifier.1,cnn_d0.01_block16,cuda,fp16,1,csr,0.0756320022046566,0.5972075297240792,ok,
cnn_classifier.1,cnn_d0.01_block16,cuda,fp16,64,dense,0.05928000062704086,1.0,ok,
cnn_classifier.1,cnn_d0.01_block16,cuda,fp16,64,csr,0.08089599758386612,0.732792751156624,ok,
cnn_classifier.1,cnn_d0.01_block16,cuda,fp16,1024,dense,0.09830400347709656,1.0,ok,
cnn_classifier.1,cnn_d0.01_block16,cuda,fp16,1024,csr,0.0788159966468811,1.2472595368872574,ok,
cnn_classifier.4,cnn_d0.01_block16,cuda,fp32,1,dense,0.051711998879909515,1.0,ok,
cnn_classifier.4,cnn_d0.01_block16,cuda,fp32,1,csr,0.07782399654388428,0.6644736993267825,ok,
cnn_classifier.4,cnn_d0.01_block16,cuda,fp32,64,dense,0.055296000093221664,1.0,ok,
cnn_classifier.4,cnn_d0.01_block16,cuda,fp32,64,csr,0.08908800035715103,0.620689653730488,ok,
cnn_classifier.4,cnn_d0.01_block16,cuda,fp32,1024,dense,0.04505600035190582,1.0,ok,
cnn_classifier.4,cnn_d0.01_block16,cuda,fp32,1024,csr,0.07999999821186066,0.5632000169873241,ok,
cnn_classifier.4,cnn_d0.01_block16,cuda,fp16,1,dense,0.050175998359918594,1.0,ok,
cnn_classifier.4,cnn_d0.01_block16,cuda,fp16,1,csr,0.07835200056433678,0.6403920512370049,ok,
cnn_classifier.4,cnn_d0.01_block16,cuda,fp16,64,dense,0.04620800167322159,1.0,ok,
cnn_classifier.4,cnn_d0.01_block16,cuda,fp16,64,csr,0.07782399654388428,0.5937500478681443,ok,
cnn_classifier.4,cnn_d0.01_block16,cuda,fp16,1024,dense,0.04710400104522705,1.0,ok,
cnn_classifier.4,cnn_d0.01_block16,cuda,fp16,1024,csr,0.07878399640321732,0.5978879365823013,ok,
cnn_conv,cnn_d0.01_block16,cuda,-,-,csr,,,unsupported,PyTorch has no sparse conv2d kernel; conv layers measured as dense only
