mask_set,layer,shape,density,B,empty_tile_frac,random_theory,dead_rows,dead_cols
mnist_d0.01_learned,net.0,1024x784,0.008343132212758064,16,0.3533163368701935,0.11709127487073097,0.4130859375,0.38265305757522583
mnist_d0.01_learned,net.0,1024x784,0.008343132212758064,32,0.17000000178813934,0.0001879741537008241,0.4130859375,0.38265305757522583
mnist_d0.01_learned,net.2,1024x1024,0.010374069213867188,16,0.121826171875,0.06927762708787068,0.1953125,0.3828125
mnist_d0.01_learned,net.2,1024x1024,0.010374069213867188,32,0.0,2.303414067586024e-05,0.1953125,0.3828125
mnist_d0.01_learned,net.4,10x1024,0.1015625,16,0.0,1.2384968338423239e-12,0.0,0.4423828125
mnist_d0.01_learned,net.4,10x1024,0.1015625,32,0.0,2.3527706977916208e-48,0.0,0.4423828125
mnist_d0.01_random,net.0,1024x784,0.008313237689435482,16,0.11957908421754837,0.11799839545924404,0.0,0.0
mnist_d0.01_random,net.0,1024x784,0.008313237689435482,32,0.0012499999720603228,0.00019386723096785695,0.0,0.0
mnist_d0.01_random,net.2,1024x1024,0.010417938232421875,16,0.065185546875,0.06849587780133819,0.0,0.0
mnist_d0.01_random,net.2,1024x1024,0.010417938232421875,32,0.0,2.2011910726931938e-05,0.0,0.0
mnist_d0.01_random,net.4,10x1024,0.09892578423023224,16,0.0,2.622430630848893e-12,0.0,0.3447265625
mnist_d0.01_random,net.4,10x1024,0.09892578423023224,32,0.0,4.729508777713579e-47,0.0,0.3447265625
mnist_d0.01_block16,net.0,1024x784,0.0054209185764193535,16,0.9945790767669678,0.2486944464815149,0.84375,0.6530612111091614
mnist_d0.01_block16,net.0,1024x784,0.0054209185764193535,32,0.9787499904632568,0.003825289858969217,0.84375,0.6530612111091614
mnist_d0.01_block16,net.2,1024x1024,0.010986328125,16,0.989013671875,0.05912723567125868,0.71875,0.84375
mnist_d0.01_block16,net.2,1024x1024,0.010986328125,32,0.958984375,1.2222225747786847e-05,0.71875,0.84375
mnist_d0.01_block16,net.4,10x1024,0.265625,16,0.734375,4.7312760895422067e-35,0.0,0.734375
mnist_d0.01_block16,net.4,10x1024,0.265625,32,0.53125,5.0108703570686755e-138,0.0,0.734375
mnist_d0.005_learned,net.0,1024x784,0.004075653851032257,16,0.5338010191917419,0.35151623436330715,0.5615234375,0.4247449040412903
mnist_d0.005_learned,net.0,1024x784,0.004075653851032257,32,0.2224999964237213,0.015267978819157228,0.5615234375,0.4247449040412903
mnist_d0.005_learned,net.2,1024x1024,0.005070686340332031,16,0.34326171875,0.2721510627298803,0.4267578125,0.5224609375
mnist_d0.005_learned,net.2,1024x1024,0.005070686340332031,32,0.0205078125,0.005485802122425599,0.4267578125,0.5224609375
mnist_d0.005_learned,net.4,10x1024,0.07021484524011612,16,0.0,8.052812778438602e-09,0.0,0.5849609375
mnist_d0.005_learned,net.4,10x1024,0.07021484524011612,32,0.0,4.2052363405705546e-33,0.0,0.5849609375
mnist_d0.005_random,net.0,1024x784,0.0041267238557338715,16,0.3533163368701935,0.3469317710881745,0.0263671875,0.012755102477967739
mnist_d0.005_random,net.0,1024x784,0.0041267238557338715,32,0.02250000089406967,0.014486927703154705,0.0263671875,0.012755102477967739
mnist_d0.005_random,net.2,1024x1024,0.0050296783447265625,16,0.276611328125,0.27503782202516897,0.0068359375,0.0068359375
mnist_d0.005_random,net.2,1024x1024,0.0050296783447265625,32,0.0078125,0.0057222875938701704,0.0068359375,0.0068359375
mnist_d0.005_random,net.4,10x1024,0.07353515923023224,16,0.0,3.2226214333729573e-09,0.0,0.4697265625
mnist_d0.005_random,net.4,10x1024,0.07353515923023224,32,0.0,1.078542255953431e-34,0.0,0.4697265625
mnist_d0.005_block16,net.0,1024x784,0.002869897987693548,16,0.9971300959587097,0.4791458906757109,0.90625,0.8163265585899353
mnist_d0.005_block16,net.0,1024x784,0.002869897987693548,32,0.9887499809265137,0.05270733663524566,0.90625,0.8163265585899353
mnist_d0.005_block16,net.2,1024x1024,0.0048828125,16,0.9951171875,0.28562893847921056,0.859375,0.890625
mnist_d0.005_block16,net.2,1024x1024,0.0048828125,32,0.9814453125,0.006655931188587435,0.859375,0.890625
mnist_d0.005_block16,net.4,10x1024,0.171875,16,0.828125,1.0778275442044644e-21,0.0,0.828125
mnist_d0.005_block16,net.4,10x1024,0.171875,32,0.6875,1.3495752705866806e-84,0.0,0.828125
cnn_d0.03_learned,features.0.0,64x27,0.6938657164573669,16,0.0,2.474365749487169e-132,0.0,0.0
cnn_d0.03_learned,features.0.0,64x27,0.6938657164573669,32,0.0,0.0,0.0,0.0
cnn_d0.03_learned,features.1.0,64x576,0.1771375834941864,16,0.0,2.1075119863386031e-22,0.0,0.0
cnn_d0.03_learned,features.1.0,64x576,0.1771375834941864,32,0.0,1.972787072205872e-87,0.0,0.0
cnn_d0.03_learned,features.3.0,128x576,0.1327718049287796,16,0.0,1.452605233290116e-16,0.0,0.0
cnn_d0.03_learned,features.3.0,128x576,0.1327718049287796,32,0.0,4.4523614909988436e-64,0.0,0.0
cnn_d0.03_learned,features.4.0,128x1152,0.0750393345952034,16,0.0,2.1259629958401204e-09,0.0,0.0
cnn_d0.03_learned,features.4.0,128x1152,0.0750393345952034,32,0.0,2.0427856762673138e-35,0.0,0.0
cnn_d0.03_learned,features.6.0,256x1152,0.0383334681391716,16,0.0,4.510996442445826e-05,0.0,0.0017361111240461469
cnn_d0.03_learned,features.6.0,256x1152,0.0383334681391716,32,0.0,4.1408541921308346e-18,0.0,0.0017361111240461469
cnn_d0.03_learned,features.7.0,256x2304,0.01807318814098835,16,0.0203993059694767,0.009381113729226273,0.0,0.01953125
cnn_d0.03_learned,features.7.0,256x2304,0.01807318814098835,32,0.0,7.744931912954187e-09,0.0,0.01953125
cnn_d0.03_learned,classifier.1,256x4096,0.014056205749511719,16,0.156494140625,0.026677946448330887,0.7265625,0.13671875
cnn_d0.03_learned,classifier.1,256x4096,0.014056205749511719,32,0.0009765625,5.065351476893194e-07,0.7265625,0.13671875
cnn_d0.03_learned,classifier.4,10x256,0.22734375298023224,16,0.0,2.111047426371858e-29,0.0,0.40234375
cnn_d0.03_learned,classifier.4,10x256,0.22734375298023224,32,0.0,1.9860581530406157e-115,0.0,0.40234375
cnn_d0.03_random,features.0.0,64x27,0.6973379850387573,16,0.0,1.3342194768297921e-133,0.0,0.0
cnn_d0.03_random,features.0.0,64x27,0.6973379850387573,32,0.0,0.0,0.0,0.0
cnn_d0.03_random,features.1.0,64x576,0.1767578125,16,0.0,2.371757071604121e-22,0.0,0.0
cnn_d0.03_random,features.1.0,64x576,0.1767578125,32,0.0,3.164323062906342e-87,0.0,0.0
cnn_d0.03_random,features.3.0,128x576,0.1338568776845932,16,0.0,1.0542734323216029e-16,0.0,0.0
cnn_d0.03_random,features.3.0,128x576,0.1338568776845932,32,0.0,1.235415511087162e-64,0.0,0.0
cnn_d0.03_random,features.4.0,128x1152,0.07550048828125,16,0.0,1.8711631091562154e-09,0.0,0.0
cnn_d0.03_random,features.4.0,128x1152,0.07550048828125,32,0.0,1.2258761233424656e-35,0.0,0.0
cnn_d0.03_random,features.6.0,256x1152,0.038543701171875,16,0.0,4.265446919209278e-05,0.0,0.0
cnn_d0.03_random,features.6.0,256x1152,0.038543701171875,32,0.0,3.31022997661899e-18,0.0,0.0
cnn_d0.03_random,features.7.0,256x2304,0.0180782750248909,16,0.00737847201526165,0.009368680605759837,0.0,0.0108506940305233
cnn_d0.03_random,features.7.0,256x2304,0.0180782750248909,32,0.0,7.703954931163918e-09,0.0,0.0108506940305233
cnn_d0.03_random,classifier.1,256x4096,0.013959884643554688,16,0.02294921875,0.02735353502965114,0.0,0.032470703125
cnn_d0.03_random,classifier.1,256x4096,0.013959884643554688,32,0.0,5.598270010166324e-07,0.0,0.032470703125
cnn_d0.03_random,classifier.4,10x256,0.22226563096046448,16,0.0,1.1293032945371656e-28,0.0,0.08984375
cnn_d0.03_random,classifier.4,10x256,0.22226563096046448,32,0.0,1.6264562304149158e-112,0.0,0.08984375
cnn_d0.03_block16,features.0.0,64x27,1.0,16,0.0,0.0,0.0,0.0
cnn_d0.03_block16,features.0.0,64x27,1.0,32,0.0,0.0,0.0,0.0
cnn_d0.03_block16,features.1.0,64x576,0.3541666567325592,16,0.6458333134651184,2.4594532035001552e-49,0.0,0.4166666567325592
cnn_d0.03_block16,features.1.0,64x576,0.3541666567325592,32,0.25,3.658931291647557e-195,0.0,0.4166666567325592
cnn_d0.03_block16,features.3.0,128x576,0.2465277761220932,16,0.7534722089767456,3.382324279759499e-32,0.125,0.2777777910232544
cnn_d0.03_block16,features.3.0,128x576,0.2465277761220932,32,0.3611111044883728,1.308762891791641e-126,0.125,0.2777777910232544
cnn_d0.03_block16,features.4.0,128x1152,0.109375,16,0.890625,1.3240052655275165e-13,0.25,0.4861111044883728
cnn_d0.03_block16,features.4.0,128x1152,0.109375,32,0.6458333134651184,3.0729737407660714e-52,0.25,0.4861111044883728
cnn_d0.03_block16,features.6.0,256x1152,0.0364583320915699,16,0.9635416865348816,7.427592454191838e-05,0.625,0.625
cnn_d0.03_block16,features.6.0,256x1152,0.0364583320915699,32,0.8784722089767456,3.043632868056204e-17,0.625,0.625
cnn_d0.03_block16,features.7.0,256x2304,0.0034722222480922937,16,0.9965277910232544,0.4104768743558932,0.8125,0.9444444179534912
cnn_d0.03_block16,features.7.0,256x2304,0.0034722222480922937,32,0.9861111044883728,0.028389306172702553,0.8125,0.9444444179534912
cnn_d0.03_block16,classifier.1,256x4096,0.00244140625,16,0.99755859375,0.5348525468201636,0.625,0.9609375
cnn_d0.03_block16,classifier.1,256x4096,0.00244140625,32,0.990234375,0.0818344697146262,0.625,0.9609375
cnn_d0.03_block16,classifier.4,10x256,0.5625,16,0.4375,1.231353314488563e-92,0.0,0.4375
cnn_d0.03_block16,classifier.4,10x256,0.5625,32,0.25,0.0,0.0,0.4375
cnn_d0.01_learned,features.0.0,64x27,0.5827546119689941,16,0.0,6.610518263884132e-98,0.0,0.0
cnn_d0.01_learned,features.0.0,64x27,0.5827546119689941,32,0.0,0.0,0.0,0.0
cnn_d0.01_learned,features.1.0,64x576,0.0674913227558136,16,0.0,1.7026983767419992e-08,0.0,0.0399305559694767
cnn_d0.01_learned,features.1.0,64x576,0.0674913227558136,32,0.0,8.405254890040231e-32,0.0,0.0399305559694767
cnn_d0.01_learned,features.3.0,128x576,0.0483127161860466,16,0.0,3.1227139616685334e-06,0.0,0.0086805559694767
cnn_d0.01_learned,features.3.0,128x576,0.0483127161860466,32,0.0,9.508868028706166e-23,0.0,0.0086805559694767
cnn_d0.01_learned,features.4.0,128x1152,0.0233629010617733,16,0.01215277798473835,0.002353443046621839,0.0,0.0711805522441864
cnn_d0.01_learned,features.4.0,128x1152,0.0233629010617733,32,0.0,3.067713314969728e-11,0.0,0.0711805522441864
cnn_d0.01_learned,features.6.0,256x1152,0.011294894851744175,16,0.0755208358168602,0.054587702598336695,0.0,0.0989583358168602
cnn_d0.01_learned,features.6.0,256x1152,0.011294894851744175,32,0.0,8.879310992176588e-06,0.0,0.0989583358168602
cnn_d0.01_learned,features.7.0,256x2304,0.004909939132630825,16,0.3181423544883728,0.2836425908821933,0.0,0.3355034589767456
cnn_d0.01_learned,features.7.0,256x2304,0.004909939132630825,32,0.01215277798473835,0.006472704415134675,0.0,0.3355034589767456
cnn_d0.01_learned,classifier.1,256x4096,0.0045604705810546875,16,0.478515625,0.3103201661574682,0.765625,0.481689453125
cnn_d0.01_learned,classifier.1,256x4096,0.0045604705810546875,32,0.0673828125,0.00927342142586671,0.765625,0.481689453125
cnn_d0.01_learned,classifier.4,10x256,0.173828125,16,0.0,5.888762487520173e-22,0.0,0.5078125
cnn_d0.01_learned,classifier.4,10x256,0.173828125,32,0.0,1.2025306454160886e-85,0.0,0.5078125
cnn_d0.01_random,features.0.0,64x27,0.5810185074806213,16,0.0,1.913722270361263e-97,0.0,0.0
cnn_d0.01_random,features.0.0,64x27,0.5810185074806213,32,0.0,0.0,0.0,0.0
cnn_d0.01_random,features.1.0,64x576,0.0664333775639534,16,0.0,2.276150219970494e-08,0.0,0.0173611119389534
cnn_d0.01_random,features.1.0,64x576,0.0664333775639534,32,0.0,2.6841308514608204e-31,0.0,0.0173611119389534
cnn_d0.01_random,features.3.0,128x576,0.0473768450319767,16,0.0,4.0161523161685875e-06,0.0,0.0034722222480922937
cnn_d0.01_random,features.3.0,128x576,0.0473768450319767,32,0.0,2.6016010657525185e-22,0.0,0.0034722222480922937
cnn_d0.01_random,features.4.0,128x1152,0.0228746198117733,16,0.0,0.0026747010593560177,0.0,0.0598958320915699
cnn_d0.01_random,features.4.0,128x1152,0.0228746198117733,32,0.0,5.118008453067769e-11,0.0,0.0598958320915699
cnn_d0.01_random,features.6.0,256x1152,0.010769314132630825,16,0.0564236119389534,0.06254324332496847,0.0,0.0607638880610466
cnn_d0.01_random,features.6.0,256x1152,0.010769314132630825,32,0.0,1.530106272003616e-05,0.0,0.0607638880610466
cnn_d0.01_random,features.7.0,256x2304,0.0049726697616279125,16,0.2860243022441864,0.2791016842516933,0.0,0.2825520932674408
cnn_d0.01_random,features.7.0,256x2304,0.0049726697616279125,32,0.0052083334885537624,0.006068059478763967,0.0,0.2825520932674408
cnn_d0.01_random,classifier.1,256x4096,0.004588127136230469,16,0.3017578125,0.30812080966073335,0.0,0.302001953125
cnn_d0.01_random,classifier.1,256x4096,0.004588127136230469,32,0.00390625,0.009013306126190201,0.0,0.302001953125
cnn_d0.01_random,classifier.4,10x256,0.1640625,16,0.0,1.1926001443046458e-20,0.0,0.1640625
cnn_d0.01_random,classifier.4,10x256,0.1640625,32,0.0,2.0229233634183802e-80,0.0,0.1640625
cnn_d0.01_block16,features.0.0,64x27,1.0,16,0.0,0.0,0.0,0.0
cnn_d0.01_block16,features.0.0,64x27,1.0,32,0.0,0.0,0.0,0.0
cnn_d0.01_block16,features.1.0,64x576,0.1111111119389534,16,0.8888888955116272,8.034412954411095e-14,0.0,0.7222222089767456
cnn_d0.01_block16,features.1.0,64x576,0.1111111119389534,32,0.6388888955116272,4.166933788700891e-53,0.0,0.7222222089767456
cnn_d0.01_block16,features.3.0,128x576,0.0763888880610466,16,0.9236111044883728,1.4629255025378251e-09,0.5,0.5833333134651184
cnn_d0.01_block16,features.3.0,128x576,0.0763888880610466,32,0.7361111044883728,4.580246413984192e-36,0.5,0.5833333134651184
cnn_d0.01_block16,features.4.0,128x1152,0.0243055559694767,16,0.9756944179534912,0.0018379808501283272,0.625,0.8472222089767456
cnn_d0.01_block16,features.4.0,128x1152,0.0243055559694767,32,0.9027777910232544,1.1412056908481004e-11,0.625,0.8472222089767456
cnn_d0.01_block16,features.6.0,256x1152,0.013888888992369175,16,0.9861111044883728,0.02786237762462109,0.9375,0.7777777910232544
cnn_d0.01_block16,features.6.0,256x1152,0.013888888992369175,32,0.9618055820465088,6.026604562623535e-07,0.9375,0.7777777910232544
cnn_d0.01_block16,features.7.0,256x2304,0.0008680555620230734,16,0.9991319179534912,0.8006601289785947,0.9375,0.9861111044883728
cnn_d0.01_block16,features.7.0,256x2304,0.0008680555620230734,32,0.9965277910232544,0.4109536184267092,0.9375,0.9861111044883728
cnn_d0.01_block16,classifier.1,256x4096,0.001220703125,16,0.998779296875,0.7314759840027694,0.9375,0.98046875
cnn_d0.01_block16,classifier.1,256x4096,0.001220703125,32,0.9951171875,0.2862861164970601,0.9375,0.98046875
cnn_d0.01_block16,classifier.4,10x256,0.4375,16,0.5625,1.0748970142653895e-64,0.0,0.5625
cnn_d0.01_block16,classifier.4,10x256,0.4375,32,0.25,1.3349574587349777e-256,0.0,0.5625
